,SubjectId,Stat,Split,Subject,Value
0,108.0,AVG,vs LHH,PitcherTeamId,0.224
0,108.0,AVG,vs LHP,HitterTeamId,0.227
0,108.0,AVG,vs RHH,PitcherTeamId,0.272
0,108.0,AVG,vs RHP,HitterTeamId,0.247
0,108.0,OBP,vs LHH,PitcherTeamId,0.28
0,108.0,OBP,vs LHP,HitterTeamId,0.284
0,108.0,OBP,vs RHH,PitcherTeamId,0.346
0,108.0,OBP,vs RHP,HitterTeamId,0.331
0,108.0,OPS,vs LHH,PitcherTeamId,0.64
0,108.0,OPS,vs LHP,HitterTeamId,0.671
0,108.0,OPS,vs RHH,PitcherTeamId,0.74
0,108.0,OPS,vs RHP,HitterTeamId,0.698
0,108.0,SLG,vs LHH,PitcherTeamId,0.36
0,108.0,SLG,vs LHP,HitterTeamId,0.387
0,108.0,SLG,vs RHH,PitcherTeamId,0.394
0,108.0,SLG,vs RHP,HitterTeamId,0.367
1,109.0,AVG,vs LHH,PitcherTeamId,0.229
1,109.0,AVG,vs LHP,HitterTeamId,0.25
1,109.0,AVG,vs RHH,PitcherTeamId,0.224
1,109.0,AVG,vs RHP,HitterTeamId,0.22
1,109.0,OBP,vs LHH,PitcherTeamId,0.315
1,109.0,OBP,vs LHP,HitterTeamId,0.304
1,109.0,OBP,vs RHH,PitcherTeamId,0.289
1,109.0,OBP,vs RHP,HitterTeamId,0.281
1,109.0,OPS,vs LHH,PitcherTeamId,0.678
1,109.0,OPS,vs LHP,HitterTeamId,0.672
1,109.0,OPS,vs RHH,PitcherTeamId,0.686
1,109.0,OPS,vs RHP,HitterTeamId,0.688
1,109.0,SLG,vs LHH,PitcherTeamId,0.363
1,109.0,SLG,vs LHP,HitterTeamId,0.368
1,109.0,SLG,vs RHH,PitcherTeamId,0.397
1,109.0,SLG,vs RHP,HitterTeamId,0.407
2,110.0,AVG,vs LHH,PitcherTeamId,0.223
2,110.0,AVG,vs LHP,HitterTeamId,0.252
2,110.0,AVG,vs RHH,PitcherTeamId,0.237
2,110.0,AVG,vs RHP,HitterTeamId,0.224
2,110.0,OBP,vs LHH,PitcherTeamId,0.294
2,110.0,OBP,vs LHP,HitterTeamId,0.321
2,110.0,OBP,vs RHH,PitcherTeamId,0.297
2,110.0,OBP,vs RHP,HitterTeamId,0.283
2,110.0,OPS,vs LHH,PitcherTeamId,0.665
2,110.0,OPS,vs LHP,HitterTeamId,0.734
2,110.0,OPS,vs RHH,PitcherTeamId,0.651
2,110.0,OPS,vs RHP,HitterTeamId,0.649
2,110.0,SLG,vs LHH,PitcherTeamId,0.371
2,110.0,SLG,vs LHP,HitterTeamId,0.413
2,110.0,SLG,vs RHH,PitcherTeamId,0.354
2,110.0,SLG,vs RHP,HitterTeamId,0.366
3,111.0,AVG,vs LHH,PitcherTeamId,0.225
3,111.0,AVG,vs LHP,HitterTeamId,0.231
3,111.0,AVG,vs RHH,PitcherTeamId,0.247
3,111.0,AVG,vs RHP,HitterTeamId,0.251
3,111.0,OBP,vs LHH,PitcherTeamId,0.304
3,111.0,OBP,vs LHP,HitterTeamId,0.306
3,111.0,OBP,vs RHH,PitcherTeamId,0.306
3,111.0,OBP,vs RHP,HitterTeamId,0.332
3,111.0,OPS,vs LHH,PitcherTeamId,0.63
3,111.0,OPS,vs LHP,HitterTeamId,0.698
3,111.0,OPS,vs RHH,PitcherTeamId,0.708
3,111.0,OPS,vs RHP,HitterTeamId,0.738
3,111.0,SLG,vs LHH,PitcherTeamId,0.326
3,111.0,SLG,vs LHP,HitterTeamId,0.392
3,111.0,SLG,vs RHH,PitcherTeamId,0.402
3,111.0,SLG,vs RHP,HitterTeamId,0.406
4,112.0,AVG,vs LHH,PitcherTeamId,0.235
4,112.0,AVG,vs LHP,HitterTeamId,0.307
4,112.0,AVG,vs RHH,PitcherTeamId,0.23
4,112.0,AVG,vs RHP,HitterTeamId,0.271
4,112.0,OBP,vs LHH,PitcherTeamId,0.311
4,112.0,OBP,vs LHP,HitterTeamId,0.388
4,112.0,OBP,vs RHH,PitcherTeamId,0.293
4,112.0,OBP,vs RHP,HitterTeamId,0.36
4,112.0,OPS,vs LHH,PitcherTeamId,0.706
4,112.0,OPS,vs LHP,HitterTeamId,0.828
4,112.0,OPS,vs RHH,PitcherTeamId,0.672
4,112.0,OPS,vs RHP,HitterTeamId,0.811
4,112.0,SLG,vs LHH,PitcherTeamId,0.395
4,112.0,SLG,vs LHP,HitterTeamId,0.44
4,112.0,SLG,vs RHH,PitcherTeamId,0.379
4,112.0,SLG,vs RHP,HitterTeamId,0.451
5,113.0,AVG,vs LHH,PitcherTeamId,0.282
5,113.0,AVG,vs LHP,HitterTeamId,0.223
5,113.0,AVG,vs RHH,PitcherTeamId,0.261
5,113.0,AVG,vs RHP,HitterTeamId,0.293
5,113.0,OBP,vs LHH,PitcherTeamId,0.394
5,113.0,OBP,vs LHP,HitterTeamId,0.287
5,113.0,OBP,vs RHH,PitcherTeamId,0.329
5,113.0,OBP,vs RHP,HitterTeamId,0.329
5,113.0,OPS,vs LHH,PitcherTeamId,0.865
5,113.0,OPS,vs LHP,HitterTeamId,0.687
5,113.0,OPS,vs RHH,PitcherTeamId,0.778
5,113.0,OPS,vs RHP,HitterTeamId,0.761
5,113.0,SLG,vs LHH,PitcherTeamId,0.471
5,113.0,SLG,vs LHP,HitterTeamId,0.4
5,113.0,SLG,vs RHH,PitcherTeamId,0.449
5,113.0,SLG,vs RHP,HitterTeamId,0.432
6,114.0,AVG,vs LHH,PitcherTeamId,0.227
6,114.0,AVG,vs LHP,HitterTeamId,0.226
6,114.0,AVG,vs RHH,PitcherTeamId,0.259
6,114.0,AVG,vs RHP,HitterTeamId,0.235
6,114.0,OBP,vs LHH,PitcherTeamId,0.255
6,114.0,OBP,vs LHP,HitterTeamId,0.339
6,114.0,OBP,vs RHH,PitcherTeamId,0.331
6,114.0,OBP,vs RHP,HitterTeamId,0.32
6,114.0,OPS,vs LHH,PitcherTeamId,0.578
6,114.0,OPS,vs LHP,HitterTeamId,0.704
6,114.0,OPS,vs RHH,PitcherTeamId,0.794
6,114.0,OPS,vs RHP,HitterTeamId,0.688
6,114.0,SLG,vs LHH,PitcherTeamId,0.323
6,114.0,SLG,vs LHP,HitterTeamId,0.365
6,114.0,SLG,vs RHH,PitcherTeamId,0.463
6,114.0,SLG,vs RHP,HitterTeamId,0.368
7,115.0,AVG,vs LHH,PitcherTeamId,0.264
7,115.0,AVG,vs LHP,HitterTeamId,0.256
7,115.0,AVG,vs RHH,PitcherTeamId,0.297
7,115.0,AVG,vs RHP,HitterTeamId,0.298
7,115.0,OBP,vs LHH,PitcherTeamId,0.347
7,115.0,OBP,vs LHP,HitterTeamId,0.287
7,115.0,OBP,vs RHH,PitcherTeamId,0.363
7,115.0,OBP,vs RHP,HitterTeamId,0.34
7,115.0,OPS,vs LHH,PitcherTeamId,0.78
7,115.0,OPS,vs LHP,HitterTeamId,0.656
7,115.0,OPS,vs RHH,PitcherTeamId,0.878
7,115.0,OPS,vs RHP,HitterTeamId,0.815
7,115.0,SLG,vs LHH,PitcherTeamId,0.433
7,115.0,SLG,vs LHP,HitterTeamId,0.369
7,115.0,SLG,vs RHH,PitcherTeamId,0.515
7,115.0,SLG,vs RHP,HitterTeamId,0.475
8,116.0,AVG,vs LHH,PitcherTeamId,0.208
8,116.0,AVG,vs LHP,HitterTeamId,0.248
8,116.0,AVG,vs RHH,PitcherTeamId,0.282
8,116.0,AVG,vs RHP,HitterTeamId,0.287
8,116.0,OBP,vs LHH,PitcherTeamId,0.279
8,116.0,OBP,vs LHP,HitterTeamId,0.331
8,116.0,OBP,vs RHH,PitcherTeamId,0.333
8,116.0,OBP,vs RHP,HitterTeamId,0.364
8,116.0,OPS,vs LHH,PitcherTeamId,0.632
8,116.0,OPS,vs LHP,HitterTeamId,0.753
8,116.0,OPS,vs RHH,PitcherTeamId,0.772
8,116.0,OPS,vs RHP,HitterTeamId,0.854
8,116.0,SLG,vs LHH,PitcherTeamId,0.353
8,116.0,SLG,vs LHP,HitterTeamId,0.422
8,116.0,SLG,vs RHH,PitcherTeamId,0.439
8,116.0,SLG,vs RHP,HitterTeamId,0.49
9,117.0,AVG,vs LHH,PitcherTeamId,0.258
9,117.0,AVG,vs LHP,HitterTeamId,0.197
9,117.0,AVG,vs RHH,PitcherTeamId,0.213
9,117.0,AVG,vs RHP,HitterTeamId,0.264
9,117.0,OBP,vs LHH,PitcherTeamId,0.34
9,117.0,OBP,vs LHP,HitterTeamId,0.241
9,117.0,OBP,vs RHH,PitcherTeamId,0.289
9,117.0,OBP,vs RHP,HitterTeamId,0.318
9,117.0,OPS,vs LHH,PitcherTeamId,0.751
9,117.0,OPS,vs LHP,HitterTeamId,0.559
9,117.0,OPS,vs RHH,PitcherTeamId,0.622
9,117.0,OPS,vs RHP,HitterTeamId,0.702
9,117.0,SLG,vs LHH,PitcherTeamId,0.411
9,117.0,SLG,vs LHP,HitterTeamId,0.318
9,117.0,SLG,vs RHH,PitcherTeamId,0.333
9,117.0,SLG,vs RHP,HitterTeamId,0.384
10,118.0,AVG,vs LHH,PitcherTeamId,0.286
10,118.0,AVG,vs LHP,HitterTeamId,0.302
10,118.0,AVG,vs RHH,PitcherTeamId,0.277
10,118.0,AVG,vs RHP,HitterTeamId,0.247
10,118.0,OBP,vs LHH,PitcherTeamId,0.365
10,118.0,OBP,vs LHP,HitterTeamId,0.349
10,118.0,OBP,vs RHH,PitcherTeamId,0.346
10,118.0,OBP,vs RHP,HitterTeamId,0.282
10,118.0,OPS,vs LHH,PitcherTeamId,0.854
10,118.0,OPS,vs LHP,HitterTeamId,0.861
10,118.0,OPS,vs RHH,PitcherTeamId,0.8
10,118.0,OPS,vs RHP,HitterTeamId,0.663
10,118.0,SLG,vs LHH,PitcherTeamId,0.489
10,118.0,SLG,vs LHP,HitterTeamId,0.512
10,118.0,SLG,vs RHH,PitcherTeamId,0.454
10,118.0,SLG,vs RHP,HitterTeamId,0.381
11,119.0,AVG,vs LHH,PitcherTeamId,0.282
11,119.0,AVG,vs LHP,HitterTeamId,0.217
11,119.0,AVG,vs RHH,PitcherTeamId,0.244
11,119.0,AVG,vs RHP,HitterTeamId,0.287
11,119.0,OBP,vs LHH,PitcherTeamId,0.338
11,119.0,OBP,vs LHP,HitterTeamId,0.278
11,119.0,OBP,vs RHH,PitcherTeamId,0.299
11,119.0,OBP,vs RHP,HitterTeamId,0.365
11,119.0,OPS,vs LHH,PitcherTeamId,0.728
11,119.0,OPS,vs LHP,HitterTeamId,0.604
11,119.0,OPS,vs RHH,PitcherTeamId,0.712
11,119.0,OPS,vs RHP,HitterTeamId,0.819
11,119.0,SLG,vs LHH,PitcherTeamId,0.39
11,119.0,SLG,vs LHP,HitterTeamId,0.326
11,119.0,SLG,vs RHH,PitcherTeamId,0.413
11,119.0,SLG,vs RHP,HitterTeamId,0.454
12,120.0,AVG,vs LHH,PitcherTeamId,0.275
12,120.0,AVG,vs LHP,HitterTeamId,0.273
12,120.0,AVG,vs RHH,PitcherTeamId,0.25
12,120.0,AVG,vs RHP,HitterTeamId,0.254
12,120.0,OBP,vs LHH,PitcherTeamId,0.341
12,120.0,OBP,vs LHP,HitterTeamId,0.333
12,120.0,OBP,vs RHH,PitcherTeamId,0.315
12,120.0,OBP,vs RHP,HitterTeamId,0.32
12,120.0,OPS,vs LHH,PitcherTeamId,0.792
12,120.0,OPS,vs LHP,HitterTeamId,0.771
12,120.0,OPS,vs RHH,PitcherTeamId,0.71
12,120.0,OPS,vs RHP,HitterTeamId,0.725
12,120.0,SLG,vs LHH,PitcherTeamId,0.451
12,120.0,SLG,vs LHP,HitterTeamId,0.438
12,120.0,SLG,vs RHH,PitcherTeamId,0.395
12,120.0,SLG,vs RHP,HitterTeamId,0.405
13,121.0,AVG,vs LHH,PitcherTeamId,0.27
13,121.0,AVG,vs LHP,HitterTeamId,0.268
13,121.0,AVG,vs RHH,PitcherTeamId,0.23
13,121.0,AVG,vs RHP,HitterTeamId,0.277
13,121.0,OBP,vs LHH,PitcherTeamId,0.344
13,121.0,OBP,vs LHP,HitterTeamId,0.339
13,121.0,OBP,vs RHH,PitcherTeamId,0.27
13,121.0,OBP,vs RHP,HitterTeamId,0.359
13,121.0,OPS,vs LHH,PitcherTeamId,0.719
13,121.0,OPS,vs LHP,HitterTeamId,0.71
13,121.0,OPS,vs RHH,PitcherTeamId,0.633
13,121.0,OPS,vs RHP,HitterTeamId,0.819
13,121.0,SLG,vs LHH,PitcherTeamId,0.375
13,121.0,SLG,vs LHP,HitterTeamId,0.371
13,121.0,SLG,vs RHH,PitcherTeamId,0.363
13,121.0,SLG,vs RHP,HitterTeamId,0.46
14,133.0,AVG,vs LHH,PitcherTeamId,0.262
14,133.0,AVG,vs LHP,HitterTeamId,0.268
14,133.0,AVG,vs RHH,PitcherTeamId,0.235
14,133.0,AVG,vs RHP,HitterTeamId,0.228
14,133.0,OBP,vs LHH,PitcherTeamId,0.311
14,133.0,OBP,vs LHP,HitterTeamId,0.333
14,133.0,OBP,vs RHH,PitcherTeamId,0.281
14,133.0,OBP,vs RHP,HitterTeamId,0.298
14,133.0,OPS,vs LHH,PitcherTeamId,0.723
14,133.0,OPS,vs LHP,HitterTeamId,0.805
14,133.0,OPS,vs RHH,PitcherTeamId,0.707
14,133.0,OPS,vs RHP,HitterTeamId,0.683
14,133.0,SLG,vs LHH,PitcherTeamId,0.412
14,133.0,SLG,vs LHP,HitterTeamId,0.472
14,133.0,SLG,vs RHH,PitcherTeamId,0.426
14,133.0,SLG,vs RHP,HitterTeamId,0.385
15,134.0,AVG,vs LHH,PitcherTeamId,0.332
15,134.0,AVG,vs LHP,HitterTeamId,0.242
15,134.0,AVG,vs RHH,PitcherTeamId,0.242
15,134.0,AVG,vs RHP,HitterTeamId,0.262
15,134.0,OBP,vs LHH,PitcherTeamId,0.404
15,134.0,OBP,vs LHP,HitterTeamId,0.333
15,134.0,OBP,vs RHH,PitcherTeamId,0.288
15,134.0,OBP,vs RHP,HitterTeamId,0.34
15,134.0,OPS,vs LHH,PitcherTeamId,0.973
15,134.0,OPS,vs LHP,HitterTeamId,0.606
15,134.0,OPS,vs RHH,PitcherTeamId,0.665
15,134.0,OPS,vs RHP,HitterTeamId,0.78
15,134.0,SLG,vs LHH,PitcherTeamId,0.569
15,134.0,SLG,vs LHP,HitterTeamId,0.273
15,134.0,SLG,vs RHH,PitcherTeamId,0.377
15,134.0,SLG,vs RHP,HitterTeamId,0.44
16,135.0,AVG,vs LHH,PitcherTeamId,0.247
16,135.0,AVG,vs LHP,HitterTeamId,0.231
16,135.0,AVG,vs RHH,PitcherTeamId,0.251
16,135.0,AVG,vs RHP,HitterTeamId,0.235
16,135.0,OBP,vs LHH,PitcherTeamId,0.321
16,135.0,OBP,vs LHP,HitterTeamId,0.29
16,135.0,OBP,vs RHH,PitcherTeamId,0.305
16,135.0,OBP,vs RHP,HitterTeamId,0.29
16,135.0,OPS,vs LHH,PitcherTeamId,0.716
16,135.0,OPS,vs LHP,HitterTeamId,0.675
16,135.0,OPS,vs RHH,PitcherTeamId,0.735
16,135.0,OPS,vs RHP,HitterTeamId,0.677
16,135.0,SLG,vs LHH,PitcherTeamId,0.395
16,135.0,SLG,vs LHP,HitterTeamId,0.385
16,135.0,SLG,vs RHH,PitcherTeamId,0.43
16,135.0,SLG,vs RHP,HitterTeamId,0.387
17,136.0,AVG,vs LHH,PitcherTeamId,0.217
17,136.0,AVG,vs LHP,HitterTeamId,0.264
17,136.0,AVG,vs RHH,PitcherTeamId,0.246
17,136.0,AVG,vs RHP,HitterTeamId,0.238
17,136.0,OBP,vs LHH,PitcherTeamId,0.295
17,136.0,OBP,vs LHP,HitterTeamId,0.325
17,136.0,OBP,vs RHH,PitcherTeamId,0.296
17,136.0,OBP,vs RHP,HitterTeamId,0.307
17,136.0,OPS,vs LHH,PitcherTeamId,0.643
17,136.0,OPS,vs LHP,HitterTeamId,0.761
17,136.0,OPS,vs RHH,PitcherTeamId,0.721
17,136.0,OPS,vs RHP,HitterTeamId,0.686
17,136.0,SLG,vs LHH,PitcherTeamId,0.348
17,136.0,SLG,vs LHP,HitterTeamId,0.436
17,136.0,SLG,vs RHH,PitcherTeamId,0.425
17,136.0,SLG,vs RHP,HitterTeamId,0.379
18,137.0,AVG,vs LHH,PitcherTeamId,0.239
18,137.0,AVG,vs LHP,HitterTeamId,0.209
18,137.0,AVG,vs RHH,PitcherTeamId,0.229
18,137.0,AVG,vs RHP,HitterTeamId,0.307
18,137.0,OBP,vs LHH,PitcherTeamId,0.282
18,137.0,OBP,vs LHP,HitterTeamId,0.257
18,137.0,OBP,vs RHH,PitcherTeamId,0.276
18,137.0,OBP,vs RHP,HitterTeamId,0.377
18,137.0,OPS,vs LHH,PitcherTeamId,0.614
18,137.0,OPS,vs LHP,HitterTeamId,0.555
18,137.0,OPS,vs RHH,PitcherTeamId,0.615
18,137.0,OPS,vs RHP,HitterTeamId,0.831
18,137.0,SLG,vs LHH,PitcherTeamId,0.332
18,137.0,SLG,vs LHP,HitterTeamId,0.298
18,137.0,SLG,vs RHH,PitcherTeamId,0.339
18,137.0,SLG,vs RHP,HitterTeamId,0.454
19,138.0,AVG,vs LHH,PitcherTeamId,0.266
19,138.0,AVG,vs LHP,HitterTeamId,0.273
19,138.0,AVG,vs RHH,PitcherTeamId,0.299
19,138.0,AVG,vs RHP,HitterTeamId,0.263
19,138.0,OBP,vs LHH,PitcherTeamId,0.336
19,138.0,OBP,vs LHP,HitterTeamId,0.335
19,138.0,OBP,vs RHH,PitcherTeamId,0.333
19,138.0,OBP,vs RHP,HitterTeamId,0.324
19,138.0,OPS,vs LHH,PitcherTeamId,0.729
19,138.0,OPS,vs LHP,HitterTeamId,0.803
19,138.0,OPS,vs RHH,PitcherTeamId,0.777
19,138.0,OPS,vs RHP,HitterTeamId,0.735
19,138.0,SLG,vs LHH,PitcherTeamId,0.393
19,138.0,SLG,vs LHP,HitterTeamId,0.468
19,138.0,SLG,vs RHH,PitcherTeamId,0.444
19,138.0,SLG,vs RHP,HitterTeamId,0.411
20,139.0,AVG,vs LHH,PitcherTeamId,0.252
20,139.0,AVG,vs LHP,HitterTeamId,0.248
20,139.0,AVG,vs RHH,PitcherTeamId,0.276
20,139.0,AVG,vs RHP,HitterTeamId,0.224
20,139.0,OBP,vs LHH,PitcherTeamId,0.313
20,139.0,OBP,vs LHP,HitterTeamId,0.302
20,139.0,OBP,vs RHH,PitcherTeamId,0.336
20,139.0,OBP,vs RHP,HitterTeamId,0.272
20,139.0,OPS,vs LHH,PitcherTeamId,0.704
20,139.0,OPS,vs LHP,HitterTeamId,0.668
20,139.0,OPS,vs RHH,PitcherTeamId,0.803
20,139.0,OPS,vs RHP,HitterTeamId,0.672
20,139.0,SLG,vs LHH,PitcherTeamId,0.391
20,139.0,SLG,vs LHP,HitterTeamId,0.366
20,139.0,SLG,vs RHH,PitcherTeamId,0.467
20,139.0,SLG,vs RHP,HitterTeamId,0.4
21,140.0,AVG,vs LHH,PitcherTeamId,0.203
21,140.0,AVG,vs LHP,HitterTeamId,0.255
21,140.0,AVG,vs RHH,PitcherTeamId,0.264
21,140.0,AVG,vs RHP,HitterTeamId,0.246
21,140.0,OBP,vs LHH,PitcherTeamId,0.277
21,140.0,OBP,vs LHP,HitterTeamId,0.328
21,140.0,OBP,vs RHH,PitcherTeamId,0.328
21,140.0,OBP,vs RHP,HitterTeamId,0.301
21,140.0,OPS,vs LHH,PitcherTeamId,0.567
21,140.0,OPS,vs LHP,HitterTeamId,0.655
21,140.0,OPS,vs RHH,PitcherTeamId,0.755
21,140.0,OPS,vs RHP,HitterTeamId,0.713
21,140.0,SLG,vs LHH,PitcherTeamId,0.29
21,140.0,SLG,vs LHP,HitterTeamId,0.327
21,140.0,SLG,vs RHH,PitcherTeamId,0.427
21,140.0,SLG,vs RHP,HitterTeamId,0.412
22,141.0,AVG,vs LHH,PitcherTeamId,0.213
22,141.0,AVG,vs LHP,HitterTeamId,0.182
22,141.0,AVG,vs RHH,PitcherTeamId,0.212
22,141.0,AVG,vs RHP,HitterTeamId,0.263
22,141.0,OBP,vs LHH,PitcherTeamId,0.291
22,141.0,OBP,vs LHP,HitterTeamId,0.274
22,141.0,OBP,vs RHH,PitcherTeamId,0.275
22,141.0,OBP,vs RHP,HitterTeamId,0.367
22,141.0,OPS,vs LHH,PitcherTeamId,0.608
22,141.0,OPS,vs LHP,HitterTeamId,0.547
22,141.0,OPS,vs RHH,PitcherTeamId,0.572
22,141.0,OPS,vs RHP,HitterTeamId,0.774
22,141.0,SLG,vs LHH,PitcherTeamId,0.317
22,141.0,SLG,vs LHP,HitterTeamId,0.273
22,141.0,SLG,vs RHH,PitcherTeamId,0.297
22,141.0,SLG,vs RHP,HitterTeamId,0.407
23,142.0,AVG,vs LHH,PitcherTeamId,0.211
23,142.0,AVG,vs LHP,HitterTeamId,0.207
23,142.0,AVG,vs RHH,PitcherTeamId,0.267
23,142.0,AVG,vs RHP,HitterTeamId,0.201
23,142.0,OBP,vs LHH,PitcherTeamId,0.3
23,142.0,OBP,vs LHP,HitterTeamId,0.258
23,142.0,OBP,vs RHH,PitcherTeamId,0.33
23,142.0,OBP,vs RHP,HitterTeamId,0.286
23,142.0,OPS,vs LHH,PitcherTeamId,0.635
23,142.0,OPS,vs LHP,HitterTeamId,0.617
23,142.0,OPS,vs RHH,PitcherTeamId,0.764
23,142.0,OPS,vs RHP,HitterTeamId,0.622
23,142.0,SLG,vs LHH,PitcherTeamId,0.335
23,142.0,SLG,vs LHP,HitterTeamId,0.359
23,142.0,SLG,vs RHH,PitcherTeamId,0.434
23,142.0,SLG,vs RHP,HitterTeamId,0.336
24,143.0,AVG,vs LHH,PitcherTeamId,0.292
24,143.0,AVG,vs LHP,HitterTeamId,0.329
24,143.0,AVG,vs RHH,PitcherTeamId,0.26
24,143.0,AVG,vs RHP,HitterTeamId,0.256
24,143.0,OBP,vs LHH,PitcherTeamId,0.372
24,143.0,OBP,vs LHP,HitterTeamId,0.419
24,143.0,OBP,vs RHH,PitcherTeamId,0.33
24,143.0,OBP,vs RHP,HitterTeamId,0.319
24,143.0,OPS,vs LHH,PitcherTeamId,0.877
24,143.0,OPS,vs LHP,HitterTeamId,0.94
24,143.0,OPS,vs RHH,PitcherTeamId,0.758
24,143.0,OPS,vs RHP,HitterTeamId,0.697
24,143.0,SLG,vs LHH,PitcherTeamId,0.505
24,143.0,SLG,vs LHP,HitterTeamId,0.521
24,143.0,SLG,vs RHH,PitcherTeamId,0.428
24,143.0,SLG,vs RHP,HitterTeamId,0.378
25,144.0,AVG,vs LHH,PitcherTeamId,0.218
25,144.0,AVG,vs LHP,HitterTeamId,0.336
25,144.0,AVG,vs RHH,PitcherTeamId,0.256
25,144.0,AVG,vs RHP,HitterTeamId,0.261
25,144.0,OBP,vs LHH,PitcherTeamId,0.321
25,144.0,OBP,vs LHP,HitterTeamId,0.382
25,144.0,OBP,vs RHH,PitcherTeamId,0.302
25,144.0,OBP,vs RHP,HitterTeamId,0.328
25,144.0,OPS,vs LHH,PitcherTeamId,0.656
25,144.0,OPS,vs LHP,HitterTeamId,0.911
25,144.0,OPS,vs RHH,PitcherTeamId,0.73
25,144.0,OPS,vs RHP,HitterTeamId,0.718
25,144.0,SLG,vs LHH,PitcherTeamId,0.335
25,144.0,SLG,vs LHP,HitterTeamId,0.529
25,144.0,SLG,vs RHH,PitcherTeamId,0.428
25,144.0,SLG,vs RHP,HitterTeamId,0.39
26,145.0,AVG,vs LHH,PitcherTeamId,0.257
26,145.0,AVG,vs LHP,HitterTeamId,0.263
26,145.0,AVG,vs RHH,PitcherTeamId,0.246
26,145.0,AVG,vs RHP,HitterTeamId,0.264
26,145.0,OBP,vs LHH,PitcherTeamId,0.331
26,145.0,OBP,vs LHP,HitterTeamId,0.322
26,145.0,OBP,vs RHH,PitcherTeamId,0.312
26,145.0,OBP,vs RHP,HitterTeamId,0.312
26,145.0,OPS,vs LHH,PitcherTeamId,0.707
26,145.0,OPS,vs LHP,HitterTeamId,0.702
26,145.0,OPS,vs RHH,PitcherTeamId,0.724
26,145.0,OPS,vs RHP,HitterTeamId,0.777
26,145.0,SLG,vs LHH,PitcherTeamId,0.376
26,145.0,SLG,vs LHP,HitterTeamId,0.38
26,145.0,SLG,vs RHH,PitcherTeamId,0.412
26,145.0,SLG,vs RHP,HitterTeamId,0.465
27,146.0,AVG,vs LHH,PitcherTeamId,0.283
27,146.0,AVG,vs LHP,HitterTeamId,0.25
27,146.0,AVG,vs RHH,PitcherTeamId,0.245
27,146.0,AVG,vs RHP,HitterTeamId,0.22
27,146.0,OBP,vs LHH,PitcherTeamId,0.377
27,146.0,OBP,vs LHP,HitterTeamId,0.288
27,146.0,OBP,vs RHH,PitcherTeamId,0.299
27,146.0,OBP,vs RHP,HitterTeamId,0.292
27,146.0,OPS,vs LHH,PitcherTeamId,0.815
27,146.0,OPS,vs LHP,HitterTeamId,0.645
27,146.0,OPS,vs RHH,PitcherTeamId,0.709
27,146.0,OPS,vs RHP,HitterTeamId,0.648
27,146.0,SLG,vs LHH,PitcherTeamId,0.438
27,146.0,SLG,vs LHP,HitterTeamId,0.357
27,146.0,SLG,vs RHH,PitcherTeamId,0.41
27,146.0,SLG,vs RHP,HitterTeamId,0.356
28,147.0,AVG,vs LHH,PitcherTeamId,0.24
28,147.0,AVG,vs LHP,HitterTeamId,0.291
28,147.0,AVG,vs RHH,PitcherTeamId,0.262
28,147.0,AVG,vs RHP,HitterTeamId,0.241
28,147.0,OBP,vs LHH,PitcherTeamId,0.335
28,147.0,OBP,vs LHP,HitterTeamId,0.346
28,147.0,OBP,vs RHH,PitcherTeamId,0.343
28,147.0,OBP,vs RHP,HitterTeamId,0.312
28,147.0,OPS,vs LHH,PitcherTeamId,0.738
28,147.0,OPS,vs LHP,HitterTeamId,0.807
28,147.0,OPS,vs RHH,PitcherTeamId,0.805
28,147.0,OPS,vs RHP,HitterTeamId,0.678
28,147.0,SLG,vs LHH,PitcherTeamId,0.403
28,147.0,SLG,vs LHP,HitterTeamId,0.461
28,147.0,SLG,vs RHH,PitcherTeamId,0.462
28,147.0,SLG,vs RHP,HitterTeamId,0.366
29,158.0,AVG,vs LHH,PitcherTeamId,0.274
29,158.0,AVG,vs LHP,HitterTeamId,0.245
29,158.0,AVG,vs RHH,PitcherTeamId,0.276
29,158.0,AVG,vs RHP,HitterTeamId,0.228
29,158.0,OBP,vs LHH,PitcherTeamId,0.339
29,158.0,OBP,vs LHP,HitterTeamId,0.28
29,158.0,OBP,vs RHH,PitcherTeamId,0.322
29,158.0,OBP,vs RHP,HitterTeamId,0.296
29,158.0,OPS,vs LHH,PitcherTeamId,0.725
29,158.0,OPS,vs LHP,HitterTeamId,0.702
29,158.0,OPS,vs RHH,PitcherTeamId,0.759
29,158.0,OPS,vs RHP,HitterTeamId,0.715
29,158.0,SLG,vs LHH,PitcherTeamId,0.386
29,158.0,SLG,vs LHP,HitterTeamId,0.422
29,158.0,SLG,vs RHH,PitcherTeamId,0.437
29,158.0,SLG,vs RHP,HitterTeamId,0.419
0,112526.0,AVG,vs LHH,PitcherId,0.289
0,112526.0,AVG,vs RHH,PitcherId,0.243
0,112526.0,OBP,vs LHH,PitcherId,0.312
0,112526.0,OBP,vs RHH,PitcherId,0.243
0,112526.0,OPS,vs LHH,PitcherId,0.801
0,112526.0,OPS,vs RHH,PitcherId,0.594
0,112526.0,SLG,vs LHH,PitcherId,0.489
0,112526.0,SLG,vs RHH,PitcherId,0.351
0,120074.0,AVG,vs RHP,HitterId,0.277
0,120074.0,OBP,vs RHP,HitterId,0.364
0,120074.0,OPS,vs RHP,HitterId,0.938
0,120074.0,SLG,vs RHP,HitterId,0.574
1,134181.0,AVG,vs RHP,HitterId,0.325
1,134181.0,OBP,vs RHP,HitterId,0.386
1,134181.0,OPS,vs RHP,HitterId,0.961
1,134181.0,SLG,vs RHP,HitterId,0.575
2,136860.0,AVG,vs RHP,HitterId,0.295
2,136860.0,OBP,vs RHP,HitterId,0.326
2,136860.0,OPS,vs RHP,HitterId,0.826
2,136860.0,SLG,vs RHP,HitterId,0.5
3,150029.0,AVG,vs RHP,HitterId,0.237
3,150029.0,OBP,vs RHP,HitterId,0.341
3,150029.0,OPS,vs RHP,HitterId,0.63
3,150029.0,SLG,vs RHP,HitterId,0.289
1,282332.0,AVG,vs RHH,PitcherId,0.245
1,282332.0,OBP,vs RHH,PitcherId,0.333
1,282332.0,OPS,vs RHH,PitcherId,0.729
1,282332.0,SLG,vs RHH,PitcherId,0.396
1,285064.0,AVG,vs LHH,PitcherId,0.333
2,285064.0,AVG,vs RHH,PitcherId,0.182
1,285064.0,OBP,vs LHH,PitcherId,0.5
2,285064.0,OBP,vs RHH,PitcherId,0.24
1,285064.0,OPS,vs LHH,PitcherId,1.167
2,285064.0,OPS,vs RHH,PitcherId,0.445
1,285064.0,SLG,vs LHH,PitcherId,0.667
2,285064.0,SLG,vs RHH,PitcherId,0.205
4,400121.0,AVG,vs RHP,HitterId,0.242
4,400121.0,OBP,vs RHP,HitterId,0.342
4,400121.0,OPS,vs RHP,HitterId,0.766
4,400121.0,SLG,vs RHP,HitterId,0.424
5,400284.0,AVG,vs RHP,HitterId,0.344
5,400284.0,OBP,vs RHP,HitterId,0.417
5,400284.0,OPS,vs RHP,HitterId,1.073
5,400284.0,SLG,vs RHP,HitterId,0.656
6,405395.0,AVG,vs RHP,HitterId,0.406
6,405395.0,OBP,vs RHP,HitterId,0.472
6,405395.0,OPS,vs RHP,HitterId,1.066
6,405395.0,SLG,vs RHP,HitterId,0.594
3,407793.0,AVG,vs RHH,PitcherId,0.26
3,407793.0,OBP,vs RHH,PitcherId,0.309
3,407793.0,OPS,vs RHH,PitcherId,0.729
3,407793.0,SLG,vs RHH,PitcherId,0.42
2,407890.0,AVG,vs LHH,PitcherId,0.261
4,407890.0,AVG,vs RHH,PitcherId,0.281
2,407890.0,OBP,vs LHH,PitcherId,0.37
4,407890.0,OBP,vs RHH,PitcherId,0.361
2,407890.0,OPS,vs LHH,PitcherId,0.805
4,407890.0,OPS,vs RHH,PitcherId,0.892
2,407890.0,SLG,vs LHH,PitcherId,0.435
4,407890.0,SLG,vs RHH,PitcherId,0.531
7,407893.0,AVG,vs RHP,HitterId,0.261
7,407893.0,OBP,vs RHP,HitterId,0.28
7,407893.0,OPS,vs RHP,HitterId,0.889
7,407893.0,SLG,vs RHP,HitterId,0.609
8,408047.0,AVG,vs RHP,HitterId,0.269
8,408047.0,OBP,vs RHP,HitterId,0.345
8,408047.0,OPS,vs RHP,HitterId,0.653
8,408047.0,SLG,vs RHP,HitterId,0.308
9,408234.0,AVG,vs RHP,HitterId,0.435
9,408234.0,OBP,vs RHP,HitterId,0.536
9,408234.0,OPS,vs RHP,HitterId,1.362
9,408234.0,SLG,vs RHP,HitterId,0.826
10,408236.0,AVG,vs RHP,HitterId,0.286
10,408236.0,OBP,vs RHP,HitterId,0.382
10,408236.0,OPS,vs RHP,HitterId,0.846
10,408236.0,SLG,vs RHP,HitterId,0.464
11,408252.0,AVG,vs RHP,HitterId,0.314
11,408252.0,OBP,vs RHP,HitterId,0.297
11,408252.0,OPS,vs RHP,HitterId,0.783
11,408252.0,SLG,vs RHP,HitterId,0.486
12,408314.0,AVG,vs RHP,HitterId,0.232
12,408314.0,OBP,vs RHP,HitterId,0.317
12,408314.0,OPS,vs RHP,HitterId,0.728
12,408314.0,SLG,vs RHP,HitterId,0.411
13,424825.0,AVG,vs RHP,HitterId,0.208
13,424825.0,OBP,vs RHP,HitterId,0.31
13,424825.0,OPS,vs RHP,HitterId,0.685
13,424825.0,SLG,vs RHP,HitterId,0.375
14,425509.0,AVG,vs RHP,HitterId,0.432
14,425509.0,OBP,vs RHP,HitterId,0.488
14,425509.0,OPS,vs RHP,HitterId,1.083
14,425509.0,SLG,vs RHP,HitterId,0.595
15,425766.0,AVG,vs RHP,HitterId,0.31
15,425766.0,OBP,vs RHP,HitterId,0.355
15,425766.0,OPS,vs RHP,HitterId,0.941
15,425766.0,SLG,vs RHP,HitterId,0.586
16,425784.0,AVG,vs RHP,HitterId,0.2
16,425784.0,OBP,vs RHP,HitterId,0.259
16,425784.0,OPS,vs RHP,HitterId,0.579
16,425784.0,SLG,vs RHP,HitterId,0.32
3,425794.0,AVG,vs LHH,PitcherId,0.34
5,425794.0,AVG,vs RHH,PitcherId,0.341
3,425794.0,OBP,vs LHH,PitcherId,0.431
5,425794.0,OBP,vs RHH,PitcherId,0.347
3,425794.0,OPS,vs LHH,PitcherId,1.111
5,425794.0,OPS,vs RHH,PitcherId,0.802
3,425794.0,SLG,vs LHH,PitcherId,0.68
5,425794.0,SLG,vs RHH,PitcherId,0.455
4,425844.0,AVG,vs LHH,PitcherId,0.107
4,425844.0,OBP,vs LHH,PitcherId,0.265
4,425844.0,OPS,vs LHH,PitcherId,0.408
4,425844.0,SLG,vs LHH,PitcherId,0.143
17,425877.0,AVG,vs RHP,HitterId,0.477
17,425877.0,OBP,vs RHP,HitterId,0.51
17,425877.0,OPS,vs RHP,HitterId,1.146
17,425877.0,SLG,vs RHP,HitterId,0.636
18,429664.0,AVG,vs RHP,HitterId,0.298
18,429664.0,OBP,vs RHP,HitterId,0.358
18,429664.0,OPS,vs RHP,HitterId,1.103
18,429664.0,SLG,vs RHP,HitterId,0.745
19,429665.0,AVG,vs RHP,HitterId,0.224
19,429665.0,OBP,vs RHP,HitterId,0.324
19,429665.0,OPS,vs RHP,HitterId,0.703
19,429665.0,SLG,vs RHP,HitterId,0.379
20,429666.0,AVG,vs RHP,HitterId,0.255
20,429666.0,OBP,vs RHP,HitterId,0.275
20,429666.0,OPS,vs RHP,HitterId,0.573
20,429666.0,SLG,vs RHP,HitterId,0.298
21,429667.0,AVG,vs RHP,HitterId,0.269
21,429667.0,OBP,vs RHP,HitterId,0.387
21,429667.0,OPS,vs RHP,HitterId,1.156
21,429667.0,SLG,vs RHP,HitterId,0.769
5,429719.0,AVG,vs LHH,PitcherId,0.207
6,429719.0,AVG,vs RHH,PitcherId,0.378
5,429719.0,OBP,vs LHH,PitcherId,0.361
6,429719.0,OBP,vs RHH,PitcherId,0.4
5,429719.0,OPS,vs LHH,PitcherId,0.706
6,429719.0,OPS,vs RHH,PitcherId,1.265
5,429719.0,SLG,vs LHH,PitcherId,0.345
6,429719.0,SLG,vs RHH,PitcherId,0.865
6,429722.0,AVG,vs LHH,PitcherId,0.194
7,429722.0,AVG,vs RHH,PitcherId,0.207
6,429722.0,OBP,vs LHH,PitcherId,0.286
7,429722.0,OBP,vs RHH,PitcherId,0.281
6,429722.0,OPS,vs LHH,PitcherId,0.564
7,429722.0,OPS,vs RHH,PitcherId,0.557
6,429722.0,SLG,vs LHH,PitcherId,0.278
7,429722.0,SLG,vs RHH,PitcherId,0.276
22,430832.0,AVG,vs RHP,HitterId,0.288
22,430832.0,OBP,vs RHP,HitterId,0.439
22,430832.0,OPS,vs RHP,HitterId,0.997
22,430832.0,SLG,vs RHP,HitterId,0.558
8,430935.0,AVG,vs RHH,PitcherId,0.294
8,430935.0,OBP,vs RHH,PitcherId,0.319
8,430935.0,OPS,vs RHH,PitcherId,0.819
8,430935.0,SLG,vs RHH,PitcherId,0.5
23,430945.0,AVG,vs RHP,HitterId,0.182
23,430945.0,OBP,vs RHP,HitterId,0.233
23,430945.0,OPS,vs RHP,HitterId,0.542
23,430945.0,SLG,vs RHP,HitterId,0.309
24,430947.0,AVG,vs RHP,HitterId,0.333
24,430947.0,OBP,vs RHP,HitterId,0.448
24,430947.0,OPS,vs RHP,HitterId,0.823
24,430947.0,SLG,vs RHP,HitterId,0.375
25,431145.0,AVG,vs RHP,HitterId,0.188
25,431145.0,OBP,vs RHP,HitterId,0.333
25,431145.0,OPS,vs RHP,HitterId,0.666
25,431145.0,SLG,vs RHP,HitterId,0.333
7,433587.0,AVG,vs LHH,PitcherId,0.261
9,433587.0,AVG,vs RHH,PitcherId,0.322
7,433587.0,OBP,vs LHH,PitcherId,0.357
9,433587.0,OBP,vs RHH,PitcherId,0.375
7,433587.0,OPS,vs LHH,PitcherId,0.922
9,433587.0,OPS,vs RHH,PitcherId,0.833
7,433587.0,SLG,vs LHH,PitcherId,0.565
9,433587.0,SLG,vs RHH,PitcherId,0.458
26,434158.0,AVG,vs RHP,HitterId,0.39
26,434158.0,OBP,vs RHP,HitterId,0.5
26,434158.0,OPS,vs RHP,HitterId,1.11
26,434158.0,SLG,vs RHP,HitterId,0.61
8,434378.0,AVG,vs LHH,PitcherId,0.091
10,434378.0,AVG,vs RHH,PitcherId,0.263
8,434378.0,OBP,vs LHH,PitcherId,0.2
10,434378.0,OBP,vs RHH,PitcherId,0.282
8,434378.0,OPS,vs LHH,PitcherId,0.345
10,434378.0,OPS,vs RHH,PitcherId,0.624
8,434378.0,SLG,vs LHH,PitcherId,0.145
10,434378.0,SLG,vs RHH,PitcherId,0.342
11,434538.0,AVG,vs RHH,PitcherId,0.214
11,434538.0,OBP,vs RHH,PitcherId,0.267
11,434538.0,OPS,vs RHH,PitcherId,0.553
11,434538.0,SLG,vs RHH,PitcherId,0.286
9,434622.0,AVG,vs LHH,PitcherId,0.174
12,434622.0,AVG,vs RHH,PitcherId,0.19
9,434622.0,OBP,vs LHH,PitcherId,0.231
12,434622.0,OBP,vs RHH,PitcherId,0.271
9,434622.0,OPS,vs LHH,PitcherId,0.448
12,434622.0,OPS,vs RHH,PitcherId,0.604
9,434622.0,SLG,vs LHH,PitcherId,0.217
12,434622.0,SLG,vs RHH,PitcherId,0.333
27,434636.0,AVG,vs RHP,HitterId,0.341
27,434636.0,OBP,vs RHP,HitterId,0.413
27,434636.0,OPS,vs RHP,HitterId,0.828
27,434636.0,SLG,vs RHP,HitterId,0.415
28,434670.0,AVG,vs RHP,HitterId,0.289
28,434670.0,OBP,vs RHP,HitterId,0.396
28,434670.0,OPS,vs RHP,HitterId,0.974
28,434670.0,SLG,vs RHP,HitterId,0.578
29,434778.0,AVG,vs RHP,HitterId,0.19
29,434778.0,OBP,vs RHP,HitterId,0.205
29,434778.0,OPS,vs RHP,HitterId,0.515
29,434778.0,SLG,vs RHP,HitterId,0.31
0,435062.0,AVG,vs LHP,HitterId,0.111
30,435062.0,AVG,vs RHP,HitterId,0.192
0,435062.0,OBP,vs LHP,HitterId,0.2
30,435062.0,OBP,vs RHP,HitterId,0.192
0,435062.0,OPS,vs LHP,HitterId,0.348
30,435062.0,OPS,vs RHP,HitterId,0.461
0,435062.0,SLG,vs LHP,HitterId,0.148
30,435062.0,SLG,vs RHP,HitterId,0.269
31,435063.0,AVG,vs RHP,HitterId,0.171
31,435063.0,OBP,vs RHP,HitterId,0.302
31,435063.0,OPS,vs RHP,HitterId,0.616
31,435063.0,SLG,vs RHP,HitterId,0.314
32,435079.0,AVG,vs RHP,HitterId,0.362
32,435079.0,OBP,vs RHP,HitterId,0.4
32,435079.0,OPS,vs RHP,HitterId,0.953
32,435079.0,SLG,vs RHP,HitterId,0.553
33,435263.0,AVG,vs RHP,HitterId,0.333
33,435263.0,OBP,vs RHP,HitterId,0.407
33,435263.0,OPS,vs RHP,HitterId,0.949
33,435263.0,SLG,vs RHP,HitterId,0.542
34,435622.0,AVG,vs RHP,HitterId,0.205
34,435622.0,OBP,vs RHP,HitterId,0.222
34,435622.0,OPS,vs RHP,HitterId,0.427
34,435622.0,SLG,vs RHP,HitterId,0.205
35,443558.0,AVG,vs RHP,HitterId,0.271
35,443558.0,OBP,vs RHP,HitterId,0.327
35,443558.0,OPS,vs RHP,HitterId,0.765
35,443558.0,SLG,vs RHP,HitterId,0.438
36,444379.0,AVG,vs RHP,HitterId,0.353
36,444379.0,OBP,vs RHP,HitterId,0.421
36,444379.0,OPS,vs RHP,HitterId,1.215
36,444379.0,SLG,vs RHP,HitterId,0.794
37,444432.0,AVG,vs RHP,HitterId,0.4
37,444432.0,OBP,vs RHP,HitterId,0.426
37,444432.0,OPS,vs RHP,HitterId,1.248
37,444432.0,SLG,vs RHP,HitterId,0.822
38,444876.0,AVG,vs RHP,HitterId,0.163
38,444876.0,OBP,vs RHP,HitterId,0.182
38,444876.0,OPS,vs RHP,HitterId,0.508
38,444876.0,SLG,vs RHP,HitterId,0.326
39,445055.0,AVG,vs RHP,HitterId,0.276
39,445055.0,OBP,vs RHP,HitterId,0.323
39,445055.0,OPS,vs RHP,HitterId,0.702
39,445055.0,SLG,vs RHP,HitterId,0.379
10,445060.0,AVG,vs LHH,PitcherId,0.182
13,445060.0,AVG,vs RHH,PitcherId,0.224
10,445060.0,OBP,vs LHH,PitcherId,0.28
13,445060.0,OBP,vs RHH,PitcherId,0.269
10,445060.0,OPS,vs LHH,PitcherId,0.462
13,445060.0,OPS,vs RHH,PitcherId,0.534
10,445060.0,SLG,vs LHH,PitcherId,0.182
13,445060.0,SLG,vs RHH,PitcherId,0.265
40,445988.0,AVG,vs RHP,HitterId,0.233
40,445988.0,OBP,vs RHP,HitterId,0.283
40,445988.0,OPS,vs RHP,HitterId,0.678
40,445988.0,SLG,vs RHP,HitterId,0.395
41,446308.0,AVG,vs RHP,HitterId,0.222
41,446308.0,OBP,vs RHP,HitterId,0.31
41,446308.0,OPS,vs RHP,HitterId,0.699
41,446308.0,SLG,vs RHP,HitterId,0.389
14,446321.0,AVG,vs RHH,PitcherId,0.375
14,446321.0,OBP,vs RHH,PitcherId,0.429
14,446321.0,OPS,vs RHH,PitcherId,0.96
14,446321.0,SLG,vs RHH,PitcherId,0.531
42,446334.0,AVG,vs RHP,HitterId,0.319
42,446334.0,OBP,vs RHP,HitterId,0.36
42,446334.0,OPS,vs RHP,HitterId,1.083
42,446334.0,SLG,vs RHP,HitterId,0.723
11,446372.0,AVG,vs LHH,PitcherId,0.32
15,446372.0,AVG,vs RHH,PitcherId,0.195
11,446372.0,OBP,vs LHH,PitcherId,0.37
15,446372.0,OBP,vs RHH,PitcherId,0.298
11,446372.0,OPS,vs LHH,PitcherId,0.73
15,446372.0,OPS,vs RHH,PitcherId,0.737
11,446372.0,SLG,vs LHH,PitcherId,0.36
15,446372.0,SLG,vs RHH,PitcherId,0.439
43,446481.0,AVG,vs RHP,HitterId,0.333
43,446481.0,OBP,vs RHP,HitterId,0.393
43,446481.0,OPS,vs RHP,HitterId,1.041
43,446481.0,SLG,vs RHP,HitterId,0.648
16,448179.0,AVG,vs RHH,PitcherId,0.196
16,448179.0,OBP,vs RHH,PitcherId,0.204
16,448179.0,OPS,vs RHH,PitcherId,0.537
16,448179.0,SLG,vs RHH,PitcherId,0.333
12,448306.0,AVG,vs LHH,PitcherId,0.278
17,448306.0,AVG,vs RHH,PitcherId,0.2
12,448306.0,OBP,vs LHH,PitcherId,0.339
17,448306.0,OBP,vs RHH,PitcherId,0.319
12,448306.0,OPS,vs LHH,PitcherId,0.765
17,448306.0,OPS,vs RHH,PitcherId,0.669
12,448306.0,SLG,vs LHH,PitcherId,0.426
17,448306.0,SLG,vs RHH,PitcherId,0.35
1,448801.0,AVG,vs LHP,HitterId,0.231
44,448801.0,AVG,vs RHP,HitterId,0.175
1,448801.0,OBP,vs LHP,HitterId,0.259
44,448801.0,OBP,vs RHP,HitterId,0.298
1,448801.0,OPS,vs LHP,HitterId,0.528
44,448801.0,OPS,vs RHP,HitterId,0.573
1,448801.0,SLG,vs LHP,HitterId,0.269
44,448801.0,SLG,vs RHP,HitterId,0.275
45,449181.0,AVG,vs RHP,HitterId,0.361
45,449181.0,OBP,vs RHP,HitterId,0.41
45,449181.0,OPS,vs RHP,HitterId,0.882
45,449181.0,SLG,vs RHP,HitterId,0.472
13,450172.0,AVG,vs LHH,PitcherId,0.283
18,450172.0,AVG,vs RHH,PitcherId,0.321
13,450172.0,OBP,vs LHH,PitcherId,0.414
18,450172.0,OBP,vs RHH,PitcherId,0.424
13,450172.0,OPS,vs LHH,PitcherId,0.914
18,450172.0,OPS,vs RHH,PitcherId,0.995
13,450172.0,SLG,vs LHH,PitcherId,0.5
18,450172.0,SLG,vs RHH,PitcherId,0.571
19,450306.0,AVG,vs RHH,PitcherId,0.158
19,450306.0,OBP,vs RHH,PitcherId,0.22
19,450306.0,OPS,vs RHH,PitcherId,0.431
19,450306.0,SLG,vs RHH,PitcherId,0.211
20,450308.0,AVG,vs RHH,PitcherId,0.179
20,450308.0,OBP,vs RHH,PitcherId,0.273
20,450308.0,OPS,vs RHH,PitcherId,0.529
20,450308.0,SLG,vs RHH,PitcherId,0.256
46,450314.0,AVG,vs RHP,HitterId,0.282
46,450314.0,OBP,vs RHP,HitterId,0.429
46,450314.0,OPS,vs RHP,HitterId,1.019
46,450314.0,SLG,vs RHP,HitterId,0.59
14,450729.0,AVG,vs LHH,PitcherId,0.462
14,450729.0,OBP,vs LHH,PitcherId,0.548
14,450729.0,OPS,vs LHH,PitcherId,1.471
14,450729.0,SLG,vs LHH,PitcherId,0.923
47,451594.0,AVG,vs RHP,HitterId,0.31
47,451594.0,OBP,vs RHP,HitterId,0.453
47,451594.0,OPS,vs RHP,HitterId,0.929
47,451594.0,SLG,vs RHP,HitterId,0.476
15,451596.0,AVG,vs LHH,PitcherId,0.182
21,451596.0,AVG,vs RHH,PitcherId,0.306
15,451596.0,OBP,vs LHH,PitcherId,0.286
21,451596.0,OBP,vs RHH,PitcherId,0.375
15,451596.0,OPS,vs LHH,PitcherId,0.559
21,451596.0,OPS,vs RHH,PitcherId,0.903
15,451596.0,SLG,vs LHH,PitcherId,0.273
21,451596.0,SLG,vs RHH,PitcherId,0.528
48,452095.0,AVG,vs RHP,HitterId,0.214
48,452095.0,OBP,vs RHP,HitterId,0.233
48,452095.0,OPS,vs RHP,HitterId,0.626
48,452095.0,SLG,vs RHP,HitterId,0.393
49,452220.0,AVG,vs RHP,HitterId,0.333
49,452220.0,OBP,vs RHP,HitterId,0.441
49,452220.0,OPS,vs RHP,HitterId,0.997
49,452220.0,SLG,vs RHP,HitterId,0.556
50,452234.0,AVG,vs RHP,HitterId,0.121
50,452234.0,OBP,vs RHP,HitterId,0.302
50,452234.0,OPS,vs RHP,HitterId,0.635
50,452234.0,SLG,vs RHP,HitterId,0.333
51,452252.0,AVG,vs RHP,HitterId,0.289
51,452252.0,OBP,vs RHP,HitterId,0.325
51,452252.0,OPS,vs RHP,HitterId,0.667
51,452252.0,SLG,vs RHP,HitterId,0.342
52,452254.0,AVG,vs RHP,HitterId,0.31
52,452254.0,OBP,vs RHP,HitterId,0.383
52,452254.0,OPS,vs RHP,HitterId,0.859
52,452254.0,SLG,vs RHP,HitterId,0.476
53,452655.0,AVG,vs RHP,HitterId,0.467
53,452655.0,OBP,vs RHP,HitterId,0.568
53,452655.0,OPS,vs RHP,HitterId,1.235
53,452655.0,SLG,vs RHP,HitterId,0.667
22,452657.0,AVG,vs RHH,PitcherId,0.222
22,452657.0,OBP,vs RHH,PitcherId,0.29
22,452657.0,OPS,vs RHH,PitcherId,0.66
22,452657.0,SLG,vs RHH,PitcherId,0.37
54,452678.0,AVG,vs RHP,HitterId,0.302
54,452678.0,OBP,vs RHP,HitterId,0.403
54,452678.0,OPS,vs RHP,HitterId,0.969
54,452678.0,SLG,vs RHP,HitterId,0.566
2,453056.0,AVG,vs LHP,HitterId,0.286
55,453056.0,AVG,vs RHP,HitterId,0.154
2,453056.0,OBP,vs LHP,HitterId,0.355
55,453056.0,OBP,vs RHP,HitterId,0.281
2,453056.0,OPS,vs LHP,HitterId,0.676
55,453056.0,OPS,vs RHP,HitterId,0.435
2,453056.0,SLG,vs LHP,HitterId,0.321
55,453056.0,SLG,vs RHP,HitterId,0.154
56,453064.0,AVG,vs RHP,HitterId,0.233
56,453064.0,OBP,vs RHP,HitterId,0.27
56,453064.0,OPS,vs RHP,HitterId,0.637
56,453064.0,SLG,vs RHP,HitterId,0.367
16,453178.0,AVG,vs LHH,PitcherId,0.293
23,453178.0,AVG,vs RHH,PitcherId,0.212
16,453178.0,OBP,vs LHH,PitcherId,0.373
23,453178.0,OBP,vs RHH,PitcherId,0.289
16,453178.0,OPS,vs LHH,PitcherId,0.873
23,453178.0,OPS,vs RHH,PitcherId,0.592
16,453178.0,SLG,vs LHH,PitcherId,0.5
23,453178.0,SLG,vs RHH,PitcherId,0.303
24,453192.0,AVG,vs RHH,PitcherId,0.107
24,453192.0,OBP,vs RHH,PitcherId,0.138
24,453192.0,OPS,vs RHH,PitcherId,0.317
24,453192.0,SLG,vs RHH,PitcherId,0.179
25,453281.0,AVG,vs RHH,PitcherId,0.13
25,453281.0,OBP,vs RHH,PitcherId,0.2
25,453281.0,OPS,vs RHH,PitcherId,0.417
25,453281.0,SLG,vs RHH,PitcherId,0.217
17,453286.0,AVG,vs LHH,PitcherId,0.351
26,453286.0,AVG,vs RHH,PitcherId,0.22
17,453286.0,OBP,vs LHH,PitcherId,0.409
26,453286.0,OBP,vs RHH,PitcherId,0.254
17,453286.0,OPS,vs LHH,PitcherId,1.112
26,453286.0,OPS,vs RHH,PitcherId,0.627
17,453286.0,SLG,vs LHH,PitcherId,0.703
26,453286.0,SLG,vs RHH,PitcherId,0.373
18,453329.0,AVG,vs LHH,PitcherId,0.171
27,453329.0,AVG,vs RHH,PitcherId,0.174
18,453329.0,OBP,vs LHH,PitcherId,0.271
27,453329.0,OBP,vs RHH,PitcherId,0.2
18,453329.0,OPS,vs LHH,PitcherId,0.491
27,453329.0,OPS,vs RHH,PitcherId,0.417
18,453329.0,SLG,vs LHH,PitcherId,0.22
27,453329.0,SLG,vs RHH,PitcherId,0.217
28,453385.0,AVG,vs RHH,PitcherId,0.283
28,453385.0,OBP,vs RHH,PitcherId,0.362
28,453385.0,OPS,vs RHH,PitcherId,0.745
28,453385.0,SLG,vs RHH,PitcherId,0.383
19,453562.0,AVG,vs LHH,PitcherId,0.429
29,453562.0,AVG,vs RHH,PitcherId,0.217
19,453562.0,OBP,vs LHH,PitcherId,0.556
29,453562.0,OBP,vs RHH,PitcherId,0.245
19,453562.0,OPS,vs LHH,PitcherId,1.223
29,453562.0,OPS,vs RHH,PitcherId,0.571
19,453562.0,SLG,vs LHH,PitcherId,0.667
29,453562.0,SLG,vs RHH,PitcherId,0.326
3,453568.0,AVG,vs LHP,HitterId,0.346
57,453568.0,AVG,vs RHP,HitterId,0.366
3,453568.0,OBP,vs LHP,HitterId,0.37
57,453568.0,OBP,vs RHP,HitterId,0.413
3,453568.0,OPS,vs LHP,HitterId,0.793
57,453568.0,OPS,vs RHP,HitterId,1.047
3,453568.0,SLG,vs LHP,HitterId,0.423
57,453568.0,SLG,vs RHP,HitterId,0.634
58,453943.0,AVG,vs RHP,HitterId,0.292
58,453943.0,OBP,vs RHP,HitterId,0.34
58,453943.0,OPS,vs RHP,HitterId,0.902
58,453943.0,SLG,vs RHP,HitterId,0.562
59,454975.0,AVG,vs RHP,HitterId,0.207
59,454975.0,OBP,vs RHP,HitterId,0.207
59,454975.0,OPS,vs RHP,HitterId,0.483
59,454975.0,SLG,vs RHP,HitterId,0.276
60,455976.0,AVG,vs RHP,HitterId,0.281
60,455976.0,OBP,vs RHP,HitterId,0.395
60,455976.0,OPS,vs RHP,HitterId,0.801
60,455976.0,SLG,vs RHP,HitterId,0.406
61,456030.0,AVG,vs RHP,HitterId,0.237
61,456030.0,OBP,vs RHP,HitterId,0.274
61,456030.0,OPS,vs RHP,HitterId,0.647
61,456030.0,SLG,vs RHP,HitterId,0.373
20,456034.0,AVG,vs LHH,PitcherId,0.375
30,456034.0,AVG,vs RHH,PitcherId,0.301
20,456034.0,OBP,vs LHH,PitcherId,0.346
30,456034.0,OBP,vs RHH,PitcherId,0.354
20,456034.0,OPS,vs LHH,PitcherId,0.929
30,456034.0,OPS,vs RHH,PitcherId,0.916
20,456034.0,SLG,vs LHH,PitcherId,0.583
30,456034.0,SLG,vs RHH,PitcherId,0.562
21,456068.0,AVG,vs LHH,PitcherId,0.231
31,456068.0,AVG,vs RHH,PitcherId,0.229
21,456068.0,OBP,vs LHH,PitcherId,0.238
31,456068.0,OBP,vs RHH,PitcherId,0.25
21,456068.0,OPS,vs LHH,PitcherId,0.571
31,456068.0,OPS,vs RHH,PitcherId,0.593
21,456068.0,SLG,vs LHH,PitcherId,0.333
31,456068.0,SLG,vs RHH,PitcherId,0.343
62,456078.0,AVG,vs RHP,HitterId,0.229
62,456078.0,OBP,vs RHP,HitterId,0.308
62,456078.0,OPS,vs RHP,HitterId,0.651
62,456078.0,SLG,vs RHP,HitterId,0.343
32,456167.0,AVG,vs RHH,PitcherId,0.45
32,456167.0,OBP,vs RHH,PitcherId,0.56
32,456167.0,OPS,vs RHH,PitcherId,1.36
32,456167.0,SLG,vs RHH,PitcherId,0.8
63,456422.0,AVG,vs RHP,HitterId,0.259
63,456422.0,OBP,vs RHP,HitterId,0.312
63,456422.0,OPS,vs RHP,HitterId,0.571
63,456422.0,SLG,vs RHP,HitterId,0.259
64,456488.0,AVG,vs RHP,HitterId,0.36
64,456488.0,OBP,vs RHP,HitterId,0.407
64,456488.0,OPS,vs RHP,HitterId,0.807
64,456488.0,SLG,vs RHP,HitterId,0.4
22,456501.0,AVG,vs LHH,PitcherId,0.26
33,456501.0,AVG,vs RHH,PitcherId,0.273
22,456501.0,OBP,vs LHH,PitcherId,0.315
33,456501.0,OBP,vs RHH,PitcherId,0.273
22,456501.0,OPS,vs LHH,PitcherId,0.675
33,456501.0,OPS,vs RHH,PitcherId,0.637
22,456501.0,SLG,vs LHH,PitcherId,0.36
33,456501.0,SLG,vs RHH,PitcherId,0.364
4,456714.0,AVG,vs LHP,HitterId,0.364
4,456714.0,OBP,vs LHP,HitterId,0.4
4,456714.0,OPS,vs LHP,HitterId,0.991
4,456714.0,SLG,vs LHP,HitterId,0.591
65,457705.0,AVG,vs RHP,HitterId,0.333
65,457705.0,OBP,vs RHP,HitterId,0.397
65,457705.0,OPS,vs RHP,HitterId,0.964
65,457705.0,SLG,vs RHP,HitterId,0.567
66,457708.0,AVG,vs RHP,HitterId,0.34
66,457708.0,OBP,vs RHP,HitterId,0.436
66,457708.0,OPS,vs RHP,HitterId,1.351
66,457708.0,SLG,vs RHP,HitterId,0.915
67,457727.0,AVG,vs RHP,HitterId,0.306
67,457727.0,OBP,vs RHP,HitterId,0.382
67,457727.0,OPS,vs RHP,HitterId,0.749
67,457727.0,SLG,vs RHP,HitterId,0.367
5,457759.0,AVG,vs LHP,HitterId,0.276
68,457759.0,AVG,vs RHP,HitterId,0.345
5,457759.0,OBP,vs LHP,HitterId,0.323
68,457759.0,OBP,vs RHP,HitterId,0.382
5,457759.0,OPS,vs LHP,HitterId,0.702
68,457759.0,OPS,vs RHP,HitterId,0.83
5,457759.0,SLG,vs LHP,HitterId,0.379
68,457759.0,SLG,vs RHP,HitterId,0.448
69,457763.0,AVG,vs RHP,HitterId,0.268
69,457763.0,OBP,vs RHP,HitterId,0.34
69,457763.0,OPS,vs RHP,HitterId,0.73
69,457763.0,SLG,vs RHP,HitterId,0.39
70,457787.0,AVG,vs RHP,HitterId,0.143
70,457787.0,OBP,vs RHP,HitterId,0.214
70,457787.0,OPS,vs RHP,HitterId,0.557
70,457787.0,SLG,vs RHP,HitterId,0.343
71,457803.0,AVG,vs RHP,HitterId,0.333
71,457803.0,OBP,vs RHP,HitterId,0.4
71,457803.0,OPS,vs RHP,HitterId,1.215
71,457803.0,SLG,vs RHP,HitterId,0.815
23,457918.0,AVG,vs LHH,PitcherId,0.28
34,457918.0,AVG,vs RHH,PitcherId,0.176
23,457918.0,OBP,vs LHH,PitcherId,0.333
34,457918.0,OBP,vs RHH,PitcherId,0.273
23,457918.0,OPS,vs LHH,PitcherId,0.733
34,457918.0,OPS,vs RHH,PitcherId,0.494
23,457918.0,SLG,vs LHH,PitcherId,0.4
34,457918.0,SLG,vs RHH,PitcherId,0.221
72,458015.0,AVG,vs RHP,HitterId,0.417
72,458015.0,OBP,vs RHP,HitterId,0.5
72,458015.0,OPS,vs RHP,HitterId,1.25
72,458015.0,SLG,vs RHP,HitterId,0.75
73,458085.0,AVG,vs RHP,HitterId,0.357
73,458085.0,OBP,vs RHP,HitterId,0.486
73,458085.0,OPS,vs RHP,HitterId,1.093
73,458085.0,SLG,vs RHP,HitterId,0.607
24,458708.0,AVG,vs LHH,PitcherId,0.182
35,458708.0,AVG,vs RHH,PitcherId,0.238
24,458708.0,OBP,vs LHH,PitcherId,0.171
35,458708.0,OBP,vs RHH,PitcherId,0.238
24,458708.0,OPS,vs LHH,PitcherId,0.444
35,458708.0,OPS,vs RHH,PitcherId,0.595
24,458708.0,SLG,vs LHH,PitcherId,0.273
35,458708.0,SLG,vs RHH,PitcherId,0.357
6,458731.0,AVG,vs LHP,HitterId,0.222
74,458731.0,AVG,vs RHP,HitterId,0.345
6,458731.0,OBP,vs LHP,HitterId,0.286
74,458731.0,OBP,vs RHP,HitterId,0.457
6,458731.0,OPS,vs LHP,HitterId,0.647
74,458731.0,OPS,vs RHP,HitterId,0.871
6,458731.0,SLG,vs LHP,HitterId,0.361
74,458731.0,SLG,vs RHP,HitterId,0.414
75,459431.0,AVG,vs RHP,HitterId,0.138
75,459431.0,OBP,vs RHP,HitterId,0.306
75,459431.0,OPS,vs RHP,HitterId,0.582
75,459431.0,SLG,vs RHP,HitterId,0.276
76,459964.0,AVG,vs RHP,HitterId,0.148
76,459964.0,OBP,vs RHP,HitterId,0.378
76,459964.0,OPS,vs RHP,HitterId,0.637
76,459964.0,SLG,vs RHP,HitterId,0.259
77,460060.0,AVG,vs RHP,HitterId,0.24
77,460060.0,OBP,vs RHP,HitterId,0.321
77,460060.0,OPS,vs RHP,HitterId,0.561
77,460060.0,SLG,vs RHP,HitterId,0.24
78,460075.0,AVG,vs RHP,HitterId,0.303
78,460075.0,OBP,vs RHP,HitterId,0.303
78,460075.0,OPS,vs RHP,HitterId,0.909
78,460075.0,SLG,vs RHP,HitterId,0.606
79,460086.0,AVG,vs RHP,HitterId,0.25
79,460086.0,OBP,vs RHP,HitterId,0.286
79,460086.0,OPS,vs RHP,HitterId,0.711
79,460086.0,SLG,vs RHP,HitterId,0.425
80,460576.0,AVG,vs RHP,HitterId,0.362
80,460576.0,OBP,vs RHP,HitterId,0.4
80,460576.0,OPS,vs RHP,HitterId,1.081
80,460576.0,SLG,vs RHP,HitterId,0.681
81,461235.0,AVG,vs RHP,HitterId,0.111
81,461235.0,OBP,vs RHP,HitterId,0.195
81,461235.0,OPS,vs RHP,HitterId,0.501
81,461235.0,SLG,vs RHP,HitterId,0.306
82,461314.0,AVG,vs RHP,HitterId,0.286
82,461314.0,OBP,vs RHP,HitterId,0.333
82,461314.0,OPS,vs RHP,HitterId,0.876
82,461314.0,SLG,vs RHP,HitterId,0.543
36,461829.0,AVG,vs RHH,PitcherId,0.326
36,461829.0,OBP,vs RHH,PitcherId,0.415
36,461829.0,OPS,vs RHH,PitcherId,0.806
36,461829.0,SLG,vs RHH,PitcherId,0.391
83,461865.0,AVG,vs RHP,HitterId,0.143
83,461865.0,OBP,vs RHP,HitterId,0.143
83,461865.0,OPS,vs RHP,HitterId,0.429
83,461865.0,SLG,vs RHP,HitterId,0.286
84,462101.0,AVG,vs RHP,HitterId,0.395
84,462101.0,OBP,vs RHP,HitterId,0.415
84,462101.0,OPS,vs RHP,HitterId,1.126
84,462101.0,SLG,vs RHP,HitterId,0.711
25,462136.0,AVG,vs LHH,PitcherId,0.146
25,462136.0,OBP,vs LHH,PitcherId,0.226
25,462136.0,OPS,vs LHH,PitcherId,0.455
25,462136.0,SLG,vs LHH,PitcherId,0.229
85,465041.0,AVG,vs RHP,HitterId,0.297
85,465041.0,OBP,vs RHP,HitterId,0.381
85,465041.0,OPS,vs RHP,HitterId,0.867
85,465041.0,SLG,vs RHP,HitterId,0.486
86,466320.0,AVG,vs RHP,HitterId,0.315
86,466320.0,OBP,vs RHP,HitterId,0.339
86,466320.0,OPS,vs RHP,HitterId,0.987
86,466320.0,SLG,vs RHP,HitterId,0.648
87,467092.0,AVG,vs RHP,HitterId,0.24
87,467092.0,OBP,vs RHP,HitterId,0.24
87,467092.0,OPS,vs RHP,HitterId,0.56
87,467092.0,SLG,vs RHP,HitterId,0.32
37,467100.0,AVG,vs RHH,PitcherId,0.324
37,467100.0,OBP,vs RHH,PitcherId,0.326
37,467100.0,OPS,vs RHH,PitcherId,0.704
37,467100.0,SLG,vs RHH,PitcherId,0.378
88,467793.0,AVG,vs RHP,HitterId,0.415
88,467793.0,OBP,vs RHP,HitterId,0.51
88,467793.0,OPS,vs RHP,HitterId,1.315
88,467793.0,SLG,vs RHP,HitterId,0.805
26,468504.0,AVG,vs LHH,PitcherId,0.083
38,468504.0,AVG,vs RHH,PitcherId,0.293
26,468504.0,OBP,vs LHH,PitcherId,0.12
38,468504.0,OBP,vs RHH,PitcherId,0.348
26,468504.0,OPS,vs LHH,PitcherId,0.328
38,468504.0,OPS,vs RHH,PitcherId,0.665
26,468504.0,SLG,vs LHH,PitcherId,0.208
38,468504.0,SLG,vs RHH,PitcherId,0.317
89,471083.0,AVG,vs RHP,HitterId,0.296
89,471083.0,OBP,vs RHP,HitterId,0.387
89,471083.0,OPS,vs RHP,HitterId,0.906
89,471083.0,SLG,vs RHP,HitterId,0.519
90,471865.0,AVG,vs RHP,HitterId,0.297
90,471865.0,OBP,vs RHP,HitterId,0.366
90,471865.0,OPS,vs RHP,HitterId,0.744
90,471865.0,SLG,vs RHP,HitterId,0.378
91,474443.0,AVG,vs RHP,HitterId,0.417
91,474443.0,OBP,vs RHP,HitterId,0.423
91,474443.0,OPS,vs RHP,HitterId,0.881
91,474443.0,SLG,vs RHP,HitterId,0.458
92,474568.0,AVG,vs RHP,HitterId,0.207
92,474568.0,OBP,vs RHP,HitterId,0.207
92,474568.0,OPS,vs RHP,HitterId,0.517
92,474568.0,SLG,vs RHP,HitterId,0.31
7,474832.0,AVG,vs LHP,HitterId,0.308
93,474832.0,AVG,vs RHP,HitterId,0.3
7,474832.0,OBP,vs LHP,HitterId,0.419
93,474832.0,OBP,vs RHP,HitterId,0.462
7,474832.0,OPS,vs LHP,HitterId,0.957
93,474832.0,OPS,vs RHP,HitterId,1.062
7,474832.0,SLG,vs LHP,HitterId,0.538
93,474832.0,SLG,vs RHP,HitterId,0.6
94,474892.0,AVG,vs RHP,HitterId,0.261
94,474892.0,OBP,vs RHP,HitterId,0.333
94,474892.0,OPS,vs RHP,HitterId,1.072
94,474892.0,SLG,vs RHP,HitterId,0.739
95,475174.0,AVG,vs RHP,HitterId,0.182
95,475174.0,OBP,vs RHP,HitterId,0.28
95,475174.0,OPS,vs RHP,HitterId,0.53
95,475174.0,SLG,vs RHP,HitterId,0.25
96,475582.0,AVG,vs RHP,HitterId,0.214
96,475582.0,OBP,vs RHP,HitterId,0.267
96,475582.0,OPS,vs RHP,HitterId,0.624
96,475582.0,SLG,vs RHP,HitterId,0.357
27,476451.0,AVG,vs LHH,PitcherId,0.184
27,476451.0,OBP,vs LHH,PitcherId,0.225
27,476451.0,OPS,vs LHH,PitcherId,0.488
27,476451.0,SLG,vs LHH,PitcherId,0.263
97,476883.0,AVG,vs RHP,HitterId,0.2
97,476883.0,OBP,vs RHP,HitterId,0.333
97,476883.0,OPS,vs RHP,HitterId,0.813
97,476883.0,SLG,vs RHP,HitterId,0.48
39,477132.0,AVG,vs RHH,PitcherId,0.222
39,477132.0,OBP,vs RHH,PitcherId,0.25
39,477132.0,OPS,vs RHH,PitcherId,0.561
39,477132.0,SLG,vs RHH,PitcherId,0.311
98,485567.0,AVG,vs RHP,HitterId,0.444
98,485567.0,OBP,vs RHP,HitterId,0.455
98,485567.0,OPS,vs RHP,HitterId,1.011
98,485567.0,SLG,vs RHP,HitterId,0.556
28,488768.0,AVG,vs LHH,PitcherId,0.32
40,488768.0,AVG,vs RHH,PitcherId,0.269
28,488768.0,OBP,vs LHH,PitcherId,0.433
40,488768.0,OBP,vs RHH,PitcherId,0.345
28,488768.0,OPS,vs LHH,PitcherId,1.033
40,488768.0,OPS,vs RHH,PitcherId,0.845
28,488768.0,SLG,vs LHH,PitcherId,0.6
40,488768.0,SLG,vs RHH,PitcherId,0.5
99,488771.0,AVG,vs RHP,HitterId,0.208
99,488771.0,OBP,vs RHP,HitterId,0.259
99,488771.0,OPS,vs RHP,HitterId,0.467
99,488771.0,SLG,vs RHP,HitterId,0.208
100,488862.0,AVG,vs RHP,HitterId,0.222
100,488862.0,OBP,vs RHP,HitterId,0.256
100,488862.0,OPS,vs RHP,HitterId,0.589
100,488862.0,SLG,vs RHP,HitterId,0.333
41,489119.0,AVG,vs RHH,PitcherId,0.27
41,489119.0,OBP,vs RHH,PitcherId,0.281
41,489119.0,OPS,vs RHH,PitcherId,0.662
41,489119.0,SLG,vs RHH,PitcherId,0.381
101,493114.0,AVG,vs RHP,HitterId,0.357
101,493114.0,OBP,vs RHP,HitterId,0.413
101,493114.0,OPS,vs RHP,HitterId,0.937
101,493114.0,SLG,vs RHP,HitterId,0.524
102,493316.0,AVG,vs RHP,HitterId,0.208
102,493316.0,OBP,vs RHP,HitterId,0.323
102,493316.0,OPS,vs RHP,HitterId,0.663
102,493316.0,SLG,vs RHP,HitterId,0.34
103,493329.0,AVG,vs RHP,HitterId,0.209
103,493329.0,OBP,vs RHP,HitterId,0.261
103,493329.0,OPS,vs RHP,HitterId,0.54
103,493329.0,SLG,vs RHP,HitterId,0.279
104,493351.0,AVG,vs RHP,HitterId,0.161
104,493351.0,OBP,vs RHP,HitterId,0.235
104,493351.0,OPS,vs RHP,HitterId,0.461
104,493351.0,SLG,vs RHP,HitterId,0.226
42,500779.0,AVG,vs RHH,PitcherId,0.306
42,500779.0,OBP,vs RHH,PitcherId,0.37
42,500779.0,OPS,vs RHH,PitcherId,0.839
42,500779.0,SLG,vs RHH,PitcherId,0.469
43,501381.0,AVG,vs RHH,PitcherId,0.22
43,501381.0,OBP,vs RHH,PitcherId,0.289
43,501381.0,OPS,vs RHH,PitcherId,0.801
43,501381.0,SLG,vs RHH,PitcherId,0.512
105,501896.0,AVG,vs RHP,HitterId,0.231
105,501896.0,OBP,vs RHP,HitterId,0.259
105,501896.0,OPS,vs RHP,HitterId,0.682
105,501896.0,SLG,vs RHP,HitterId,0.423
44,501957.0,AVG,vs RHH,PitcherId,0.267
44,501957.0,OBP,vs RHH,PitcherId,0.368
44,501957.0,OPS,vs RHH,PitcherId,0.901
44,501957.0,SLG,vs RHH,PitcherId,0.533
106,501981.0,AVG,vs RHP,HitterId,0.238
106,501981.0,OBP,vs RHP,HitterId,0.319
106,501981.0,OPS,vs RHP,HitterId,0.938
106,501981.0,SLG,vs RHP,HitterId,0.619
29,502042.0,AVG,vs LHH,PitcherId,0.262
45,502042.0,AVG,vs RHH,PitcherId,0.265
29,502042.0,OBP,vs LHH,PitcherId,0.311
45,502042.0,OBP,vs RHH,PitcherId,0.306
29,502042.0,OPS,vs LHH,PitcherId,0.882
45,502042.0,OPS,vs RHH,PitcherId,0.63
29,502042.0,SLG,vs LHH,PitcherId,0.571
45,502042.0,SLG,vs RHH,PitcherId,0.324
30,502043.0,AVG,vs LHH,PitcherId,0.265
46,502043.0,AVG,vs RHH,PitcherId,0.353
30,502043.0,OBP,vs LHH,PitcherId,0.405
46,502043.0,OBP,vs RHH,PitcherId,0.371
30,502043.0,OPS,vs LHH,PitcherId,0.729
46,502043.0,OPS,vs RHH,PitcherId,0.9
30,502043.0,SLG,vs LHH,PitcherId,0.324
46,502043.0,SLG,vs RHH,PitcherId,0.529
107,502082.0,AVG,vs RHP,HitterId,0.148
107,502082.0,OBP,vs RHP,HitterId,0.172
107,502082.0,OPS,vs RHP,HitterId,0.394
107,502082.0,SLG,vs RHP,HitterId,0.222
108,502110.0,AVG,vs RHP,HitterId,0.239
108,502110.0,OBP,vs RHP,HitterId,0.315
108,502110.0,OPS,vs RHP,HitterId,0.772
108,502110.0,SLG,vs RHP,HitterId,0.457
109,502143.0,AVG,vs RHP,HitterId,0.256
109,502143.0,OBP,vs RHP,HitterId,0.356
109,502143.0,OPS,vs RHP,HitterId,0.638
109,502143.0,SLG,vs RHP,HitterId,0.282
31,502188.0,AVG,vs LHH,PitcherId,0.289
47,502188.0,AVG,vs RHH,PitcherId,0.167
31,502188.0,OBP,vs LHH,PitcherId,0.341
47,502188.0,OBP,vs RHH,PitcherId,0.206
31,502188.0,OPS,vs LHH,PitcherId,0.762
47,502188.0,OPS,vs RHH,PitcherId,0.373
31,502188.0,SLG,vs LHH,PitcherId,0.421
47,502188.0,SLG,vs RHH,PitcherId,0.167
32,502190.0,AVG,vs LHH,PitcherId,0.29
48,502190.0,AVG,vs RHH,PitcherId,0.323
32,502190.0,OBP,vs LHH,PitcherId,0.371
48,502190.0,OBP,vs RHH,PitcherId,0.312
32,502190.0,OPS,vs LHH,PitcherId,0.79
48,502190.0,OPS,vs RHH,PitcherId,0.635
32,502190.0,SLG,vs LHH,PitcherId,0.419
48,502190.0,SLG,vs RHH,PitcherId,0.323
110,502210.0,AVG,vs RHP,HitterId,0.375
110,502210.0,OBP,vs RHP,HitterId,0.444
110,502210.0,OPS,vs RHP,HitterId,0.975
110,502210.0,SLG,vs RHP,HitterId,0.531
49,502327.0,AVG,vs RHH,PitcherId,0.26
49,502327.0,OBP,vs RHH,PitcherId,0.318
49,502327.0,OPS,vs RHH,PitcherId,0.812
49,502327.0,SLG,vs RHH,PitcherId,0.494
111,502481.0,AVG,vs RHP,HitterId,0.368
111,502481.0,OBP,vs RHP,HitterId,0.39
111,502481.0,OPS,vs RHP,HitterId,0.916
111,502481.0,SLG,vs RHP,HitterId,0.526
33,502624.0,AVG,vs LHH,PitcherId,0.2
50,502624.0,AVG,vs RHH,PitcherId,0.316
33,502624.0,OBP,vs LHH,PitcherId,0.259
50,502624.0,OBP,vs RHH,PitcherId,0.381
33,502624.0,OPS,vs LHH,PitcherId,0.579
50,502624.0,OPS,vs RHH,PitcherId,0.986
33,502624.0,SLG,vs LHH,PitcherId,0.32
50,502624.0,SLG,vs RHH,PitcherId,0.605
112,502671.0,AVG,vs RHP,HitterId,0.224
112,502671.0,OBP,vs RHP,HitterId,0.278
112,502671.0,OPS,vs RHP,HitterId,0.768
112,502671.0,SLG,vs RHP,HitterId,0.49
51,502706.0,AVG,vs RHH,PitcherId,0.261
51,502706.0,OBP,vs RHH,PitcherId,0.32
51,502706.0,OPS,vs RHH,PitcherId,0.711
51,502706.0,SLG,vs RHH,PitcherId,0.391
52,502748.0,AVG,vs RHH,PitcherId,0.206
52,502748.0,OBP,vs RHH,PitcherId,0.289
52,502748.0,OPS,vs RHH,PitcherId,0.73
52,502748.0,SLG,vs RHH,PitcherId,0.441
34,503449.0,AVG,vs LHH,PitcherId,0.293
53,503449.0,AVG,vs RHH,PitcherId,0.269
34,503449.0,OBP,vs LHH,PitcherId,0.318
53,503449.0,OBP,vs RHH,PitcherId,0.321
34,503449.0,OPS,vs LHH,PitcherId,0.684
53,503449.0,OPS,vs RHH,PitcherId,0.629
34,503449.0,SLG,vs LHH,PitcherId,0.366
53,503449.0,SLG,vs RHH,PitcherId,0.308
113,503556.0,AVG,vs RHP,HitterId,0.293
113,503556.0,OBP,vs RHP,HitterId,0.348
113,503556.0,OPS,vs RHP,HitterId,0.738
113,503556.0,SLG,vs RHP,HitterId,0.39
54,504379.0,AVG,vs RHH,PitcherId,0.296
54,504379.0,OBP,vs RHH,PitcherId,0.296
54,504379.0,OPS,vs RHH,PitcherId,0.703
54,504379.0,SLG,vs RHH,PitcherId,0.407
35,506433.0,AVG,vs LHH,PitcherId,0.167
55,506433.0,AVG,vs RHH,PitcherId,0.194
35,506433.0,OBP,vs LHH,PitcherId,0.225
55,506433.0,OBP,vs RHH,PitcherId,0.265
35,506433.0,OPS,vs LHH,PitcherId,0.475
55,506433.0,OPS,vs RHH,PitcherId,0.588
35,506433.0,SLG,vs LHH,PitcherId,0.25
55,506433.0,SLG,vs RHH,PitcherId,0.323
114,506702.0,AVG,vs RHP,HitterId,0.114
114,506702.0,OBP,vs RHP,HitterId,0.184
114,506702.0,OPS,vs RHP,HitterId,0.327
114,506702.0,SLG,vs RHP,HitterId,0.143
115,514888.0,AVG,vs RHP,HitterId,0.373
115,514888.0,OBP,vs RHP,HitterId,0.407
115,514888.0,OPS,vs RHP,HitterId,0.838
115,514888.0,SLG,vs RHP,HitterId,0.431
116,514917.0,AVG,vs RHP,HitterId,0.288
116,514917.0,OBP,vs RHP,HitterId,0.409
116,514917.0,OPS,vs RHP,HitterId,0.736
116,514917.0,SLG,vs RHP,HitterId,0.327
117,516416.0,AVG,vs RHP,HitterId,0.356
117,516416.0,OBP,vs RHP,HitterId,0.431
117,516416.0,OPS,vs RHP,HitterId,1.187
117,516416.0,SLG,vs RHP,HitterId,0.756
36,518452.0,AVG,vs LHH,PitcherId,0.237
56,518452.0,AVG,vs RHH,PitcherId,0.414
36,518452.0,OBP,vs LHH,PitcherId,0.319
56,518452.0,OBP,vs RHH,PitcherId,0.469
36,518452.0,OPS,vs LHH,PitcherId,0.608
56,518452.0,OPS,vs RHH,PitcherId,1.228
36,518452.0,SLG,vs LHH,PitcherId,0.289
56,518452.0,SLG,vs RHH,PitcherId,0.759
57,518516.0,AVG,vs RHH,PitcherId,0.245
57,518516.0,OBP,vs RHH,PitcherId,0.298
57,518516.0,OPS,vs RHH,PitcherId,0.77
57,518516.0,SLG,vs RHH,PitcherId,0.472
58,518560.0,AVG,vs RHH,PitcherId,0.184
58,518560.0,OBP,vs RHH,PitcherId,0.244
58,518560.0,OPS,vs RHH,PitcherId,0.533
58,518560.0,SLG,vs RHH,PitcherId,0.289
37,518567.0,AVG,vs LHH,PitcherId,0.154
59,518567.0,AVG,vs RHH,PitcherId,0.262
37,518567.0,OBP,vs LHH,PitcherId,0.226
59,518567.0,OBP,vs RHH,PitcherId,0.311
37,518567.0,OPS,vs LHH,PitcherId,0.495
59,518567.0,OPS,vs RHH,PitcherId,0.787
37,518567.0,SLG,vs LHH,PitcherId,0.269
59,518567.0,SLG,vs RHH,PitcherId,0.476
118,518614.0,AVG,vs RHP,HitterId,0.281
118,518614.0,OBP,vs RHP,HitterId,0.281
118,518614.0,OPS,vs RHP,HitterId,0.656
118,518614.0,SLG,vs RHP,HitterId,0.375
119,518618.0,AVG,vs RHP,HitterId,0.381
119,518618.0,OBP,vs RHP,HitterId,0.519
119,518618.0,OPS,vs RHP,HitterId,1.424
119,518618.0,SLG,vs RHP,HitterId,0.905
120,518626.0,AVG,vs RHP,HitterId,0.333
120,518626.0,OBP,vs RHP,HitterId,0.485
120,518626.0,OPS,vs RHP,HitterId,1.11
120,518626.0,SLG,vs RHP,HitterId,0.625
60,518633.0,AVG,vs RHH,PitcherId,0.328
60,518633.0,OBP,vs RHH,PitcherId,0.406
60,518633.0,OPS,vs RHH,PitcherId,1.062
60,518633.0,SLG,vs RHH,PitcherId,0.656
121,518649.0,AVG,vs RHP,HitterId,0.065
121,518649.0,OBP,vs RHP,HitterId,0.121
121,518649.0,OPS,vs RHP,HitterId,0.218
121,518649.0,SLG,vs RHP,HitterId,0.097
122,518692.0,AVG,vs RHP,HitterId,0.3
122,518692.0,OBP,vs RHP,HitterId,0.421
122,518692.0,OPS,vs RHP,HitterId,1.054
122,518692.0,SLG,vs RHP,HitterId,0.633
61,518716.0,AVG,vs RHH,PitcherId,0.25
61,518716.0,OBP,vs RHH,PitcherId,0.24
61,518716.0,OPS,vs RHH,PitcherId,0.573
61,518716.0,SLG,vs RHH,PitcherId,0.333
123,518735.0,AVG,vs RHP,HitterId,0.318
123,518735.0,OBP,vs RHP,HitterId,0.423
123,518735.0,OPS,vs RHP,HitterId,0.923
123,518735.0,SLG,vs RHP,HitterId,0.5
124,518792.0,AVG,vs RHP,HitterId,0.316
124,518792.0,OBP,vs RHP,HitterId,0.4
124,518792.0,OPS,vs RHP,HitterId,0.926
124,518792.0,SLG,vs RHP,HitterId,0.526
125,518934.0,AVG,vs RHP,HitterId,0.429
125,518934.0,OBP,vs RHP,HitterId,0.48
125,518934.0,OPS,vs RHP,HitterId,1.004
125,518934.0,SLG,vs RHP,HitterId,0.524
126,518960.0,AVG,vs RHP,HitterId,0.216
126,518960.0,OBP,vs RHP,HitterId,0.293
126,518960.0,OPS,vs RHP,HitterId,0.671
126,518960.0,SLG,vs RHP,HitterId,0.378
38,519043.0,AVG,vs LHH,PitcherId,0.214
62,519043.0,AVG,vs RHH,PitcherId,0.304
38,519043.0,OBP,vs LHH,PitcherId,0.214
62,519043.0,OBP,vs RHH,PitcherId,0.375
38,519043.0,OPS,vs LHH,PitcherId,0.464
62,519043.0,OPS,vs RHH,PitcherId,0.75
38,519043.0,SLG,vs LHH,PitcherId,0.25
62,519043.0,SLG,vs RHH,PitcherId,0.375
127,519048.0,AVG,vs RHP,HitterId,0.081
127,519048.0,OBP,vs RHP,HitterId,0.105
127,519048.0,OPS,vs RHP,HitterId,0.186
127,519048.0,SLG,vs RHP,HitterId,0.081
39,519076.0,AVG,vs LHH,PitcherId,0.273
63,519076.0,AVG,vs RHH,PitcherId,0.273
39,519076.0,OBP,vs LHH,PitcherId,0.351
63,519076.0,OBP,vs RHH,PitcherId,0.351
39,519076.0,OPS,vs LHH,PitcherId,0.654
63,519076.0,OPS,vs RHH,PitcherId,1.018
39,519076.0,SLG,vs LHH,PitcherId,0.303
63,519076.0,SLG,vs RHH,PitcherId,0.667
128,519083.0,AVG,vs RHP,HitterId,0.208
128,519083.0,OBP,vs RHP,HitterId,0.24
128,519083.0,OPS,vs RHP,HitterId,0.49
128,519083.0,SLG,vs RHP,HitterId,0.25
64,519141.0,AVG,vs RHH,PitcherId,0.25
64,519141.0,OBP,vs RHH,PitcherId,0.308
64,519141.0,OPS,vs RHH,PitcherId,0.85
64,519141.0,SLG,vs RHH,PitcherId,0.542
40,519144.0,AVG,vs LHH,PitcherId,0.281
65,519144.0,AVG,vs RHH,PitcherId,0.216
40,519144.0,OBP,vs LHH,PitcherId,0.303
65,519144.0,OBP,vs RHH,PitcherId,0.255
40,519144.0,OPS,vs LHH,PitcherId,0.647
65,519144.0,OPS,vs RHH,PitcherId,0.628
40,519144.0,SLG,vs LHH,PitcherId,0.344
65,519144.0,SLG,vs RHH,PitcherId,0.373
129,519203.0,AVG,vs RHP,HitterId,0.298
129,519203.0,OBP,vs RHP,HitterId,0.353
129,519203.0,OPS,vs RHP,HitterId,0.821
129,519203.0,SLG,vs RHP,HitterId,0.468
130,519237.0,AVG,vs RHP,HitterId,0.195
130,519237.0,OBP,vs RHP,HitterId,0.227
130,519237.0,OPS,vs RHP,HitterId,0.568
130,519237.0,SLG,vs RHP,HitterId,0.341
66,519242.0,AVG,vs RHH,PitcherId,0.287
66,519242.0,OBP,vs RHH,PitcherId,0.323
66,519242.0,OPS,vs RHH,PitcherId,0.863
66,519242.0,SLG,vs RHH,PitcherId,0.54
131,519295.0,AVG,vs RHP,HitterId,0.172
131,519295.0,OBP,vs RHP,HitterId,0.2
131,519295.0,OPS,vs RHP,HitterId,0.372
131,519295.0,SLG,vs RHP,HitterId,0.172
132,519317.0,AVG,vs RHP,HitterId,0.185
132,519317.0,OBP,vs RHP,HitterId,0.267
132,519317.0,OPS,vs RHP,HitterId,0.711
132,519317.0,SLG,vs RHP,HitterId,0.444
133,519390.0,AVG,vs RHP,HitterId,0.244
133,519390.0,OBP,vs RHP,HitterId,0.333
133,519390.0,OPS,vs RHP,HitterId,0.844
133,519390.0,SLG,vs RHP,HitterId,0.511
134,520471.0,AVG,vs RHP,HitterId,0.245
134,520471.0,OBP,vs RHP,HitterId,0.288
134,520471.0,OPS,vs RHP,HitterId,0.635
134,520471.0,SLG,vs RHP,HitterId,0.347
135,521692.0,AVG,vs RHP,HitterId,0.194
135,521692.0,OBP,vs RHP,HitterId,0.219
135,521692.0,OPS,vs RHP,HitterId,0.574
135,521692.0,SLG,vs RHP,HitterId,0.355
136,523253.0,AVG,vs RHP,HitterId,0.2
136,523253.0,OBP,vs RHP,HitterId,0.273
136,523253.0,OPS,vs RHP,HitterId,0.613
136,523253.0,SLG,vs RHP,HitterId,0.34
137,527043.0,AVG,vs RHP,HitterId,0.269
137,527043.0,OBP,vs RHP,HitterId,0.387
137,527043.0,OPS,vs RHP,HitterId,1.118
137,527043.0,SLG,vs RHP,HitterId,0.731
67,527048.0,AVG,vs RHH,PitcherId,0.308
67,527048.0,OBP,vs RHH,PitcherId,0.352
67,527048.0,OPS,vs RHH,PitcherId,0.86
67,527048.0,SLG,vs RHH,PitcherId,0.508
41,527054.0,AVG,vs LHH,PitcherId,0.379
68,527054.0,AVG,vs RHH,PitcherId,0.163
41,527054.0,OBP,vs LHH,PitcherId,0.419
68,527054.0,OBP,vs RHH,PitcherId,0.217
41,527054.0,OPS,vs LHH,PitcherId,1.074
68,527054.0,OPS,vs RHH,PitcherId,0.426
41,527054.0,SLG,vs LHH,PitcherId,0.655
68,527054.0,SLG,vs RHH,PitcherId,0.209
42,532077.0,AVG,vs LHH,PitcherId,0.308
42,532077.0,OBP,vs LHH,PitcherId,0.333
42,532077.0,OPS,vs LHH,PitcherId,0.871
42,532077.0,SLG,vs LHH,PitcherId,0.538
69,534737.0,AVG,vs RHH,PitcherId,0.25
69,534737.0,OBP,vs RHH,PitcherId,0.3
69,534737.0,OPS,vs RHH,PitcherId,0.586
69,534737.0,SLG,vs RHH,PitcherId,0.286
43,534947.0,AVG,vs LHH,PitcherId,0.25
70,534947.0,AVG,vs RHH,PitcherId,0.194
43,534947.0,OBP,vs LHH,PitcherId,0.27
70,534947.0,OBP,vs RHH,PitcherId,0.235
43,534947.0,OPS,vs LHH,PitcherId,0.576
70,534947.0,OPS,vs RHH,PitcherId,0.719
43,534947.0,SLG,vs LHH,PitcherId,0.306
70,534947.0,SLG,vs RHH,PitcherId,0.484
138,541645.0,AVG,vs RHP,HitterId,0.207
138,541645.0,OBP,vs RHP,HitterId,0.303
138,541645.0,OPS,vs RHP,HitterId,0.717
138,541645.0,SLG,vs RHP,HitterId,0.414
139,541650.0,AVG,vs RHP,HitterId,0.214
139,541650.0,OBP,vs RHP,HitterId,0.267
139,541650.0,OPS,vs RHP,HitterId,0.529
139,541650.0,SLG,vs RHP,HitterId,0.262
140,542255.0,AVG,vs RHP,HitterId,0.256
140,542255.0,OBP,vs RHP,HitterId,0.333
140,542255.0,OPS,vs RHP,HitterId,0.641
140,542255.0,SLG,vs RHP,HitterId,0.308
141,542303.0,AVG,vs RHP,HitterId,0.227
141,542303.0,OBP,vs RHP,HitterId,0.3
141,542303.0,OPS,vs RHP,HitterId,0.573
141,542303.0,SLG,vs RHP,HitterId,0.273
142,542340.0,AVG,vs RHP,HitterId,0.243
142,542340.0,OBP,vs RHP,HitterId,0.404
142,542340.0,OPS,vs RHP,HitterId,0.755
142,542340.0,SLG,vs RHP,HitterId,0.351
143,542364.0,AVG,vs RHP,HitterId,0.344
143,542364.0,OBP,vs RHP,HitterId,0.425
143,542364.0,OPS,vs RHP,HitterId,0.863
143,542364.0,SLG,vs RHP,HitterId,0.438
144,542436.0,AVG,vs RHP,HitterId,0.2
144,542436.0,OBP,vs RHP,HitterId,0.231
144,542436.0,OPS,vs RHP,HitterId,0.431
144,542436.0,SLG,vs RHP,HitterId,0.2
71,542881.0,AVG,vs RHH,PitcherId,0.317
71,542881.0,OBP,vs RHH,PitcherId,0.356
71,542881.0,OPS,vs RHH,PitcherId,0.868
71,542881.0,SLG,vs RHH,PitcherId,0.512
44,542882.0,AVG,vs LHH,PitcherId,0.241
72,542882.0,AVG,vs RHH,PitcherId,0.294
44,542882.0,OBP,vs LHH,PitcherId,0.233
72,542882.0,OBP,vs RHH,PitcherId,0.324
44,542882.0,OPS,vs LHH,PitcherId,0.716
72,542882.0,OPS,vs RHH,PitcherId,0.677
44,542882.0,SLG,vs LHH,PitcherId,0.483
72,542882.0,SLG,vs RHH,PitcherId,0.353
45,543022.0,AVG,vs LHH,PitcherId,0.261
45,543022.0,OBP,vs LHH,PitcherId,0.393
45,543022.0,OPS,vs LHH,PitcherId,0.85
45,543022.0,SLG,vs LHH,PitcherId,0.457
145,543063.0,AVG,vs RHP,HitterId,0.355
145,543063.0,OBP,vs RHP,HitterId,0.429
145,543063.0,OPS,vs RHP,HitterId,0.913
145,543063.0,SLG,vs RHP,HitterId,0.484
146,543068.0,AVG,vs RHP,HitterId,0.267
146,543068.0,OBP,vs RHP,HitterId,0.314
146,543068.0,OPS,vs RHP,HitterId,0.692
146,543068.0,SLG,vs RHP,HitterId,0.378
46,543101.0,AVG,vs LHH,PitcherId,0.167
73,543101.0,AVG,vs RHH,PitcherId,0.333
46,543101.0,OBP,vs LHH,PitcherId,0.259
73,543101.0,OBP,vs RHH,PitcherId,0.404
46,543101.0,OPS,vs LHH,PitcherId,0.467
73,543101.0,OPS,vs RHH,PitcherId,0.928
46,543101.0,SLG,vs LHH,PitcherId,0.208
73,543101.0,SLG,vs RHH,PitcherId,0.524
147,543105.0,AVG,vs RHP,HitterId,0.32
147,543105.0,OBP,vs RHP,HitterId,0.452
147,543105.0,OPS,vs RHP,HitterId,1.052
147,543105.0,SLG,vs RHP,HitterId,0.6
74,543184.0,AVG,vs RHH,PitcherId,0.246
74,543184.0,OBP,vs RHH,PitcherId,0.283
74,543184.0,OPS,vs RHH,PitcherId,0.669
74,543184.0,SLG,vs RHH,PitcherId,0.386
148,543257.0,AVG,vs RHP,HitterId,0.462
148,543257.0,OBP,vs RHP,HitterId,0.548
148,543257.0,OPS,vs RHP,HitterId,1.048
148,543257.0,SLG,vs RHP,HitterId,0.5
75,543272.0,AVG,vs RHH,PitcherId,0.192
75,543272.0,OBP,vs RHH,PitcherId,0.25
75,543272.0,OPS,vs RHH,PitcherId,0.635
75,543272.0,SLG,vs RHH,PitcherId,0.385
76,543294.0,AVG,vs RHH,PitcherId,0.304
76,543294.0,OBP,vs RHH,PitcherId,0.319
76,543294.0,OPS,vs RHH,PitcherId,0.689
76,543294.0,SLG,vs RHH,PitcherId,0.37
149,543333.0,AVG,vs RHP,HitterId,0.212
149,543333.0,OBP,vs RHP,HitterId,0.235
149,543333.0,OPS,vs RHP,HitterId,0.629
149,543333.0,SLG,vs RHP,HitterId,0.394
150,543401.0,AVG,vs RHP,HitterId,0.294
150,543401.0,OBP,vs RHP,HitterId,0.39
150,543401.0,OPS,vs RHP,HitterId,0.861
150,543401.0,SLG,vs RHP,HitterId,0.471
47,543408.0,AVG,vs LHH,PitcherId,0.222
77,543408.0,AVG,vs RHH,PitcherId,0.333
47,543408.0,OBP,vs LHH,PitcherId,0.408
77,543408.0,OBP,vs RHH,PitcherId,0.393
47,543408.0,OPS,vs LHH,PitcherId,0.797
77,543408.0,OPS,vs RHH,PitcherId,1.101
47,543408.0,SLG,vs LHH,PitcherId,0.389
77,543408.0,SLG,vs RHH,PitcherId,0.708
151,543484.0,AVG,vs RHP,HitterId,0.158
151,543484.0,OBP,vs RHP,HitterId,0.158
151,543484.0,OPS,vs RHP,HitterId,0.395
151,543484.0,SLG,vs RHP,HitterId,0.237
152,543510.0,AVG,vs RHP,HitterId,0.2
152,543510.0,OBP,vs RHP,HitterId,0.25
152,543510.0,OPS,vs RHP,HitterId,0.517
152,543510.0,SLG,vs RHP,HitterId,0.267
48,543521.0,AVG,vs LHH,PitcherId,0.228
78,543521.0,AVG,vs RHH,PitcherId,0.1
48,543521.0,OBP,vs LHH,PitcherId,0.302
78,543521.0,OBP,vs RHH,PitcherId,0.163
48,543521.0,OPS,vs LHH,PitcherId,0.67
78,543521.0,OPS,vs RHH,PitcherId,0.288
48,543521.0,SLG,vs LHH,PitcherId,0.368
78,543521.0,SLG,vs RHH,PitcherId,0.125
79,543542.0,AVG,vs RHH,PitcherId,0.189
79,543542.0,OBP,vs RHH,PitcherId,0.286
79,543542.0,OPS,vs RHH,PitcherId,0.583
79,543542.0,SLG,vs RHH,PitcherId,0.297
153,543543.0,AVG,vs RHP,HitterId,0.225
153,543543.0,OBP,vs RHP,HitterId,0.279
153,543543.0,OPS,vs RHP,HitterId,0.779
153,543543.0,SLG,vs RHP,HitterId,0.5
80,543557.0,AVG,vs RHH,PitcherId,0.219
80,543557.0,OBP,vs RHH,PitcherId,0.306
80,543557.0,OPS,vs RHH,PitcherId,0.712
80,543557.0,SLG,vs RHH,PitcherId,0.406
49,543606.0,AVG,vs LHH,PitcherId,0.083
81,543606.0,AVG,vs RHH,PitcherId,0.312
49,543606.0,OBP,vs LHH,PitcherId,0.154
81,543606.0,OBP,vs RHH,PitcherId,0.353
49,543606.0,OPS,vs LHH,PitcherId,0.237
81,543606.0,OPS,vs RHH,PitcherId,1.009
49,543606.0,SLG,vs LHH,PitcherId,0.083
81,543606.0,SLG,vs RHH,PitcherId,0.656
154,543685.0,AVG,vs RHP,HitterId,0.22
154,543685.0,OBP,vs RHP,HitterId,0.267
154,543685.0,OPS,vs RHP,HitterId,0.657
154,543685.0,SLG,vs RHP,HitterId,0.39
82,543699.0,AVG,vs RHH,PitcherId,0.182
82,543699.0,OBP,vs RHH,PitcherId,0.25
82,543699.0,OPS,vs RHH,PitcherId,0.636
82,543699.0,SLG,vs RHH,PitcherId,0.386
155,543760.0,AVG,vs RHP,HitterId,0.298
155,543760.0,OBP,vs RHP,HitterId,0.377
155,543760.0,OPS,vs RHP,HitterId,0.888
155,543760.0,SLG,vs RHP,HitterId,0.511
156,543768.0,AVG,vs RHP,HitterId,0.071
156,543768.0,OBP,vs RHP,HitterId,0.129
156,543768.0,OPS,vs RHP,HitterId,0.236
156,543768.0,SLG,vs RHP,HitterId,0.107
157,543807.0,AVG,vs RHP,HitterId,0.333
157,543807.0,OBP,vs RHP,HitterId,0.385
157,543807.0,OPS,vs RHP,HitterId,0.802
157,543807.0,SLG,vs RHP,HitterId,0.417
158,543829.0,AVG,vs RHP,HitterId,0.3
158,543829.0,OBP,vs RHP,HitterId,0.345
158,543829.0,OPS,vs RHP,HitterId,0.765
158,543829.0,SLG,vs RHP,HitterId,0.42
8,544369.0,AVG,vs LHP,HitterId,0.393
159,544369.0,AVG,vs RHP,HitterId,0.226
8,544369.0,OBP,vs LHP,HitterId,0.414
159,544369.0,OBP,vs RHP,HitterId,0.265
8,544369.0,OPS,vs LHP,HitterId,0.95
159,544369.0,OPS,vs RHP,HitterId,0.62
8,544369.0,SLG,vs LHP,HitterId,0.536
159,544369.0,SLG,vs RHP,HitterId,0.355
160,544725.0,AVG,vs RHP,HitterId,0.258
160,544725.0,OBP,vs RHP,HitterId,0.303
160,544725.0,OPS,vs RHP,HitterId,0.755
160,544725.0,SLG,vs RHP,HitterId,0.452
50,545333.0,AVG,vs LHH,PitcherId,0.176
83,545333.0,AVG,vs RHH,PitcherId,0.405
50,545333.0,OBP,vs LHH,PitcherId,0.222
83,545333.0,OBP,vs RHH,PitcherId,0.48
50,545333.0,OPS,vs LHH,PitcherId,0.546
83,545333.0,OPS,vs RHH,PitcherId,1.17
50,545333.0,SLG,vs LHH,PitcherId,0.324
83,545333.0,SLG,vs RHH,PitcherId,0.69
161,545341.0,AVG,vs RHP,HitterId,0.224
161,545341.0,OBP,vs RHP,HitterId,0.224
161,545341.0,OPS,vs RHP,HitterId,0.551
161,545341.0,SLG,vs RHP,HitterId,0.327
162,545350.0,AVG,vs RHP,HitterId,0.167
162,545350.0,OBP,vs RHP,HitterId,0.265
162,545350.0,OPS,vs RHP,HitterId,0.498
162,545350.0,SLG,vs RHP,HitterId,0.233
163,545361.0,AVG,vs RHP,HitterId,0.231
163,545361.0,OBP,vs RHP,HitterId,0.455
163,545361.0,OPS,vs RHP,HitterId,0.737
163,545361.0,SLG,vs RHP,HitterId,0.282
164,546318.0,AVG,vs RHP,HitterId,0.392
164,546318.0,OBP,vs RHP,HitterId,0.415
164,546318.0,OPS,vs RHP,HitterId,1.023
164,546318.0,SLG,vs RHP,HitterId,0.608
165,547180.0,AVG,vs RHP,HitterId,0.226
165,547180.0,OBP,vs RHP,HitterId,0.324
165,547180.0,OPS,vs RHP,HitterId,0.679
165,547180.0,SLG,vs RHP,HitterId,0.355
166,547379.0,AVG,vs RHP,HitterId,0.125
166,547379.0,OBP,vs RHP,HitterId,0.219
166,547379.0,OPS,vs RHP,HitterId,0.344
166,547379.0,SLG,vs RHP,HitterId,0.125
84,547874.0,AVG,vs RHH,PitcherId,0.361
84,547874.0,OBP,vs RHH,PitcherId,0.425
84,547874.0,OPS,vs RHH,PitcherId,0.953
84,547874.0,SLG,vs RHH,PitcherId,0.528
51,547888.0,AVG,vs LHH,PitcherId,0.304
85,547888.0,AVG,vs RHH,PitcherId,0.16
51,547888.0,OBP,vs LHH,PitcherId,0.37
85,547888.0,OBP,vs RHH,PitcherId,0.222
51,547888.0,OPS,vs LHH,PitcherId,1.066
85,547888.0,OPS,vs RHH,PitcherId,0.622
51,547888.0,SLG,vs LHH,PitcherId,0.696
85,547888.0,SLG,vs RHH,PitcherId,0.4
167,547957.0,AVG,vs RHP,HitterId,0.256
167,547957.0,OBP,vs RHP,HitterId,0.333
167,547957.0,OPS,vs RHP,HitterId,0.743
167,547957.0,SLG,vs RHP,HitterId,0.41
168,547982.0,AVG,vs RHP,HitterId,0.244
168,547982.0,OBP,vs RHP,HitterId,0.292
168,547982.0,OPS,vs RHP,HitterId,0.603
168,547982.0,SLG,vs RHP,HitterId,0.311
169,547989.0,AVG,vs RHP,HitterId,0.26
169,547989.0,OBP,vs RHP,HitterId,0.327
169,547989.0,OPS,vs RHP,HitterId,0.747
169,547989.0,SLG,vs RHP,HitterId,0.42
86,548389.0,AVG,vs RHH,PitcherId,0.192
86,548389.0,OBP,vs RHH,PitcherId,0.29
86,548389.0,OPS,vs RHH,PitcherId,0.559
86,548389.0,SLG,vs RHH,PitcherId,0.269
170,553993.0,AVG,vs RHP,HitterId,0.234
170,553993.0,OBP,vs RHP,HitterId,0.321
170,553993.0,OPS,vs RHP,HitterId,0.598
170,553993.0,SLG,vs RHP,HitterId,0.277
171,570256.0,AVG,vs RHP,HitterId,0.233
171,570256.0,OBP,vs RHP,HitterId,0.283
171,570256.0,OPS,vs RHP,HitterId,0.609
171,570256.0,SLG,vs RHP,HitterId,0.326
172,570267.0,AVG,vs RHP,HitterId,0.239
172,570267.0,OBP,vs RHP,HitterId,0.3
172,570267.0,OPS,vs RHP,HitterId,0.8
172,570267.0,SLG,vs RHP,HitterId,0.5
173,570560.0,AVG,vs RHP,HitterId,0.308
173,570560.0,OBP,vs RHP,HitterId,0.317
173,570560.0,OPS,vs RHP,HitterId,0.932
173,570560.0,SLG,vs RHP,HitterId,0.615
52,570632.0,AVG,vs LHH,PitcherId,0.36
52,570632.0,OBP,vs LHH,PitcherId,0.467
52,570632.0,OPS,vs LHH,PitcherId,1.227
52,570632.0,SLG,vs LHH,PitcherId,0.76
53,570649.0,AVG,vs LHH,PitcherId,0.25
87,570649.0,AVG,vs RHH,PitcherId,0.395
53,570649.0,OBP,vs LHH,PitcherId,0.279
87,570649.0,OBP,vs RHH,PitcherId,0.465
53,570649.0,OPS,vs LHH,PitcherId,0.779
87,570649.0,OPS,vs RHH,PitcherId,1.018
53,570649.0,SLG,vs LHH,PitcherId,0.5
87,570649.0,SLG,vs RHH,PitcherId,0.553
54,570666.0,AVG,vs LHH,PitcherId,0.27
88,570666.0,AVG,vs RHH,PitcherId,0.255
54,570666.0,OBP,vs LHH,PitcherId,0.308
88,570666.0,OBP,vs RHH,PitcherId,0.28
54,570666.0,OPS,vs LHH,PitcherId,0.767
88,570666.0,OPS,vs RHH,PitcherId,0.663
54,570666.0,SLG,vs LHH,PitcherId,0.459
88,570666.0,SLG,vs RHH,PitcherId,0.383
174,570731.0,AVG,vs RHP,HitterId,0.184
174,570731.0,OBP,vs RHP,HitterId,0.2
174,570731.0,OPS,vs RHP,HitterId,0.424
174,570731.0,SLG,vs RHP,HitterId,0.224
175,571437.0,AVG,vs RHP,HitterId,0.159
175,571437.0,OBP,vs RHP,HitterId,0.275
175,571437.0,OPS,vs RHP,HitterId,0.48
175,571437.0,SLG,vs RHP,HitterId,0.205
176,571448.0,AVG,vs RHP,HitterId,0.286
176,571448.0,OBP,vs RHP,HitterId,0.348
176,571448.0,OPS,vs RHP,HitterId,0.872
176,571448.0,SLG,vs RHP,HitterId,0.524
177,571466.0,AVG,vs RHP,HitterId,0.344
177,571466.0,OBP,vs RHP,HitterId,0.395
177,571466.0,OPS,vs RHP,HitterId,0.77
177,571466.0,SLG,vs RHP,HitterId,0.375
178,571506.0,AVG,vs RHP,HitterId,0.262
178,571506.0,OBP,vs RHP,HitterId,0.38
178,571506.0,OPS,vs RHP,HitterId,0.713
178,571506.0,SLG,vs RHP,HitterId,0.333
89,571510.0,AVG,vs RHH,PitcherId,0.276
89,571510.0,OBP,vs RHH,PitcherId,0.276
89,571510.0,OPS,vs RHH,PitcherId,0.862
89,571510.0,SLG,vs RHH,PitcherId,0.586
55,571666.0,AVG,vs LHH,PitcherId,0.25
90,571666.0,AVG,vs RHH,PitcherId,0.226
55,571666.0,OBP,vs LHH,PitcherId,0.286
90,571666.0,OBP,vs RHH,PitcherId,0.273
55,571666.0,OPS,vs LHH,PitcherId,0.661
90,571666.0,OPS,vs RHH,PitcherId,0.628
55,571666.0,SLG,vs LHH,PitcherId,0.375
90,571666.0,SLG,vs RHH,PitcherId,0.355
179,571697.0,AVG,vs RHP,HitterId,0.268
179,571697.0,OBP,vs RHP,HitterId,0.311
179,571697.0,OPS,vs RHP,HitterId,0.872
179,571697.0,SLG,vs RHP,HitterId,0.561
180,571745.0,AVG,vs RHP,HitterId,0.263
180,571745.0,OBP,vs RHP,HitterId,0.364
180,571745.0,OPS,vs RHP,HitterId,0.943
180,571745.0,SLG,vs RHP,HitterId,0.579
9,571771.0,AVG,vs LHP,HitterId,0.167
9,571771.0,OBP,vs LHP,HitterId,0.2
9,571771.0,OPS,vs LHP,HitterId,0.492
9,571771.0,SLG,vs LHP,HitterId,0.292
181,571788.0,AVG,vs RHP,HitterId,0.231
181,571788.0,OBP,vs RHP,HitterId,0.31
181,571788.0,OPS,vs RHP,HitterId,0.579
181,571788.0,SLG,vs RHP,HitterId,0.269
182,571830.0,AVG,vs RHP,HitterId,0.312
182,571830.0,OBP,vs RHP,HitterId,0.371
182,571830.0,OPS,vs RHP,HitterId,0.84
182,571830.0,SLG,vs RHP,HitterId,0.469
91,571863.0,AVG,vs RHH,PitcherId,0.167
91,571863.0,OBP,vs RHH,PitcherId,0.222
91,571863.0,OPS,vs RHH,PitcherId,0.597
91,571863.0,SLG,vs RHH,PitcherId,0.375
183,571875.0,AVG,vs RHP,HitterId,0.175
183,571875.0,OBP,vs RHP,HitterId,0.298
183,571875.0,OPS,vs RHP,HitterId,0.598
183,571875.0,SLG,vs RHP,HitterId,0.3
56,571946.0,AVG,vs LHH,PitcherId,0.27
92,571946.0,AVG,vs RHH,PitcherId,0.208
56,571946.0,OBP,vs LHH,PitcherId,0.341
92,571946.0,OBP,vs RHH,PitcherId,0.259
56,571946.0,OPS,vs LHH,PitcherId,0.773
92,571946.0,OPS,vs RHH,PitcherId,0.509
56,571946.0,SLG,vs LHH,PitcherId,0.432
92,571946.0,SLG,vs RHH,PitcherId,0.25
57,571951.0,AVG,vs LHH,PitcherId,0.13
93,571951.0,AVG,vs RHH,PitcherId,0.263
57,571951.0,OBP,vs LHH,PitcherId,0.31
93,571951.0,OBP,vs RHH,PitcherId,0.326
57,571951.0,OPS,vs LHH,PitcherId,0.484
93,571951.0,OPS,vs RHH,PitcherId,0.694
57,571951.0,SLG,vs LHH,PitcherId,0.174
93,571951.0,SLG,vs RHH,PitcherId,0.368
184,571976.0,AVG,vs RHP,HitterId,0.312
184,571976.0,OBP,vs RHP,HitterId,0.365
184,571976.0,OPS,vs RHP,HitterId,0.99
184,571976.0,SLG,vs RHP,HitterId,0.625
185,571980.0,AVG,vs RHP,HitterId,0.294
185,571980.0,OBP,vs RHP,HitterId,0.415
185,571980.0,OPS,vs RHP,HitterId,0.709
185,571980.0,SLG,vs RHP,HitterId,0.294
186,572008.0,AVG,vs RHP,HitterId,0.196
186,572008.0,OBP,vs RHP,HitterId,0.208
186,572008.0,OPS,vs RHP,HitterId,0.581
186,572008.0,SLG,vs RHP,HitterId,0.373
94,572020.0,AVG,vs RHH,PitcherId,0.203
94,572020.0,OBP,vs RHH,PitcherId,0.225
94,572020.0,OPS,vs RHH,PitcherId,0.544
94,572020.0,SLG,vs RHH,PitcherId,0.319
187,572039.0,AVG,vs RHP,HitterId,0.255
187,572039.0,OBP,vs RHP,HitterId,0.3
187,572039.0,OPS,vs RHP,HitterId,0.704
187,572039.0,SLG,vs RHP,HitterId,0.404
188,572114.0,AVG,vs RHP,HitterId,0.207
188,572114.0,OBP,vs RHP,HitterId,0.378
188,572114.0,OPS,vs RHP,HitterId,0.757
188,572114.0,SLG,vs RHP,HitterId,0.379
189,572122.0,AVG,vs RHP,HitterId,0.256
189,572122.0,OBP,vs RHP,HitterId,0.373
189,572122.0,OPS,vs RHP,HitterId,0.745
189,572122.0,SLG,vs RHP,HitterId,0.372
190,572128.0,AVG,vs RHP,HitterId,0.214
190,572128.0,OBP,vs RHP,HitterId,0.267
190,572128.0,OPS,vs RHP,HitterId,0.696
190,572128.0,SLG,vs RHP,HitterId,0.429
191,572287.0,AVG,vs RHP,HitterId,0.147
191,572287.0,OBP,vs RHP,HitterId,0.216
191,572287.0,OPS,vs RHP,HitterId,0.481
191,572287.0,SLG,vs RHP,HitterId,0.265
192,572761.0,AVG,vs RHP,HitterId,0.212
192,572761.0,OBP,vs RHP,HitterId,0.372
192,572761.0,OPS,vs RHP,HitterId,0.736
192,572761.0,SLG,vs RHP,HitterId,0.364
193,572816.0,AVG,vs RHP,HitterId,0.279
193,572816.0,OBP,vs RHP,HitterId,0.326
193,572816.0,OPS,vs RHP,HitterId,0.954
193,572816.0,SLG,vs RHP,HitterId,0.628
194,572821.0,AVG,vs RHP,HitterId,0.15
194,572821.0,OBP,vs RHP,HitterId,0.209
194,572821.0,OPS,vs RHP,HitterId,0.434
194,572821.0,SLG,vs RHP,HitterId,0.225
58,573109.0,AVG,vs LHH,PitcherId,0.19
58,573109.0,OBP,vs LHH,PitcherId,0.32
58,573109.0,OPS,vs LHH,PitcherId,0.51
58,573109.0,SLG,vs LHH,PitcherId,0.19
95,573185.0,AVG,vs RHH,PitcherId,0.306
95,573185.0,OBP,vs RHH,PitcherId,0.393
95,573185.0,OPS,vs RHH,PitcherId,1.026
95,573185.0,SLG,vs RHH,PitcherId,0.633
59,573186.0,AVG,vs LHH,PitcherId,0.267
96,573186.0,AVG,vs RHH,PitcherId,0.214
59,573186.0,OBP,vs LHH,PitcherId,0.333
96,573186.0,OBP,vs RHH,PitcherId,0.261
59,573186.0,OPS,vs LHH,PitcherId,0.6
96,573186.0,OPS,vs RHH,PitcherId,0.547
59,573186.0,SLG,vs LHH,PitcherId,0.267
96,573186.0,SLG,vs RHH,PitcherId,0.286
195,573627.0,AVG,vs RHP,HitterId,0.103
195,573627.0,OBP,vs RHP,HitterId,0.161
195,573627.0,OPS,vs RHP,HitterId,0.506
195,573627.0,SLG,vs RHP,HitterId,0.345
196,575929.0,AVG,vs RHP,HitterId,0.444
196,575929.0,OBP,vs RHP,HitterId,0.5
196,575929.0,OPS,vs RHP,HitterId,1.352
196,575929.0,SLG,vs RHP,HitterId,0.852
197,576397.0,AVG,vs RHP,HitterId,0.229
197,576397.0,OBP,vs RHP,HitterId,0.25
197,576397.0,OPS,vs RHP,HitterId,0.679
197,576397.0,SLG,vs RHP,HitterId,0.429
198,578428.0,AVG,vs RHP,HitterId,0.342
198,578428.0,OBP,vs RHP,HitterId,0.395
198,578428.0,OPS,vs RHP,HitterId,0.842
198,578428.0,SLG,vs RHP,HitterId,0.447
199,581527.0,AVG,vs RHP,HitterId,0.3
199,581527.0,OBP,vs RHP,HitterId,0.357
199,581527.0,OPS,vs RHP,HitterId,0.737
199,581527.0,SLG,vs RHP,HitterId,0.38
200,588751.0,AVG,vs RHP,HitterId,0.216
200,588751.0,OBP,vs RHP,HitterId,0.256
200,588751.0,OPS,vs RHP,HitterId,0.553
200,588751.0,SLG,vs RHP,HitterId,0.297
97,592091.0,AVG,vs RHH,PitcherId,0.238
97,592091.0,OBP,vs RHH,PitcherId,0.385
97,592091.0,OPS,vs RHH,PitcherId,0.766
97,592091.0,SLG,vs RHH,PitcherId,0.381
201,592178.0,AVG,vs RHP,HitterId,0.224
201,592178.0,OBP,vs RHP,HitterId,0.321
201,592178.0,OPS,vs RHP,HitterId,0.668
201,592178.0,SLG,vs RHP,HitterId,0.347
202,592200.0,AVG,vs RHP,HitterId,0.304
202,592200.0,OBP,vs RHP,HitterId,0.36
202,592200.0,OPS,vs RHP,HitterId,0.751
202,592200.0,SLG,vs RHP,HitterId,0.391
203,592273.0,AVG,vs RHP,HitterId,0.298
203,592273.0,OBP,vs RHP,HitterId,0.365
203,592273.0,OPS,vs RHP,HitterId,0.812
203,592273.0,SLG,vs RHP,HitterId,0.447
60,592332.0,AVG,vs LHH,PitcherId,0.317
98,592332.0,AVG,vs RHH,PitcherId,0.3
60,592332.0,OBP,vs LHH,PitcherId,0.333
98,592332.0,OBP,vs RHH,PitcherId,0.341
60,592332.0,OPS,vs LHH,PitcherId,0.943
98,592332.0,OPS,vs RHH,PitcherId,0.766
60,592332.0,SLG,vs LHH,PitcherId,0.61
98,592332.0,SLG,vs RHH,PitcherId,0.425
61,592351.0,AVG,vs LHH,PitcherId,0.226
61,592351.0,OBP,vs LHH,PitcherId,0.263
61,592351.0,OPS,vs LHH,PitcherId,0.64
61,592351.0,SLG,vs LHH,PitcherId,0.377
204,592387.0,AVG,vs RHP,HitterId,0.305
204,592387.0,OBP,vs RHP,HitterId,0.317
204,592387.0,OPS,vs RHP,HitterId,0.91
204,592387.0,SLG,vs RHP,HitterId,0.593
205,592518.0,AVG,vs RHP,HitterId,0.157
205,592518.0,OBP,vs RHP,HitterId,0.196
205,592518.0,OPS,vs RHP,HitterId,0.49
205,592518.0,SLG,vs RHP,HitterId,0.294
206,592626.0,AVG,vs RHP,HitterId,0.261
206,592626.0,OBP,vs RHP,HitterId,0.469
206,592626.0,OPS,vs RHP,HitterId,1.121
206,592626.0,SLG,vs RHP,HitterId,0.652
99,592662.0,AVG,vs RHH,PitcherId,0.28
99,592662.0,OBP,vs RHH,PitcherId,0.393
99,592662.0,OPS,vs RHH,PitcherId,0.993
99,592662.0,SLG,vs RHH,PitcherId,0.6
207,592663.0,AVG,vs RHP,HitterId,0.184
207,592663.0,OBP,vs RHP,HitterId,0.225
207,592663.0,OPS,vs RHP,HitterId,0.514
207,592663.0,SLG,vs RHP,HitterId,0.289
208,592669.0,AVG,vs RHP,HitterId,0.385
208,592669.0,OBP,vs RHP,HitterId,0.385
208,592669.0,OPS,vs RHP,HitterId,1.193
208,592669.0,SLG,vs RHP,HitterId,0.808
62,592717.0,AVG,vs LHH,PitcherId,0.111
100,592717.0,AVG,vs RHH,PitcherId,0.233
62,592717.0,OBP,vs LHH,PitcherId,0.273
100,592717.0,OBP,vs RHH,PitcherId,0.258
62,592717.0,OPS,vs LHH,PitcherId,0.384
100,592717.0,OPS,vs RHH,PitcherId,0.658
62,592717.0,SLG,vs LHH,PitcherId,0.111
100,592717.0,SLG,vs RHH,PitcherId,0.4
209,592731.0,AVG,vs RHP,HitterId,0.31
209,592731.0,OBP,vs RHP,HitterId,0.323
209,592731.0,OPS,vs RHP,HitterId,0.771
209,592731.0,SLG,vs RHP,HitterId,0.448
210,592743.0,AVG,vs RHP,HitterId,0.227
210,592743.0,OBP,vs RHP,HitterId,0.306
210,592743.0,OPS,vs RHP,HitterId,0.579
210,592743.0,SLG,vs RHP,HitterId,0.273
101,592767.0,AVG,vs RHH,PitcherId,0.323
101,592767.0,OBP,vs RHH,PitcherId,0.382
101,592767.0,OPS,vs RHH,PitcherId,0.93
101,592767.0,SLG,vs RHH,PitcherId,0.548
102,592789.0,AVG,vs RHH,PitcherId,0.2
102,592789.0,OBP,vs RHH,PitcherId,0.231
102,592789.0,OPS,vs RHH,PitcherId,0.431
102,592789.0,SLG,vs RHH,PitcherId,0.2
63,592791.0,AVG,vs LHH,PitcherId,0.276
103,592791.0,AVG,vs RHH,PitcherId,0.229
63,592791.0,OBP,vs LHH,PitcherId,0.364
103,592791.0,OBP,vs RHH,PitcherId,0.229
63,592791.0,OPS,vs LHH,PitcherId,0.916
103,592791.0,OPS,vs RHH,PitcherId,0.658
63,592791.0,SLG,vs LHH,PitcherId,0.552
103,592791.0,SLG,vs RHH,PitcherId,0.429
64,592836.0,AVG,vs LHH,PitcherId,0.222
104,592836.0,AVG,vs RHH,PitcherId,0.278
64,592836.0,OBP,vs LHH,PitcherId,0.353
104,592836.0,OBP,vs RHH,PitcherId,0.366
64,592836.0,OPS,vs LHH,PitcherId,0.723
104,592836.0,OPS,vs RHH,PitcherId,0.894
64,592836.0,SLG,vs LHH,PitcherId,0.37
104,592836.0,SLG,vs RHH,PitcherId,0.528
105,592866.0,AVG,vs RHH,PitcherId,0.28
105,592866.0,OBP,vs RHH,PitcherId,0.333
105,592866.0,OPS,vs RHH,PitcherId,0.813
105,592866.0,SLG,vs RHH,PitcherId,0.48
211,592885.0,AVG,vs RHP,HitterId,0.233
211,592885.0,OBP,vs RHP,HitterId,0.358
211,592885.0,OPS,vs RHP,HitterId,0.823
211,592885.0,SLG,vs RHP,HitterId,0.465
212,593160.0,AVG,vs RHP,HitterId,0.271
212,593160.0,OBP,vs RHP,HitterId,0.3
212,593160.0,OPS,vs RHP,HitterId,0.675
212,593160.0,SLG,vs RHP,HitterId,0.375
65,593372.0,AVG,vs LHH,PitcherId,0.22
106,593372.0,AVG,vs RHH,PitcherId,0.25
65,593372.0,OBP,vs LHH,PitcherId,0.289
106,593372.0,OBP,vs RHH,PitcherId,0.344
65,593372.0,OPS,vs LHH,PitcherId,0.557
106,593372.0,OPS,vs RHH,PitcherId,0.737
65,593372.0,SLG,vs LHH,PitcherId,0.268
106,593372.0,SLG,vs RHH,PitcherId,0.393
66,593417.0,AVG,vs LHH,PitcherId,0.333
107,593417.0,AVG,vs RHH,PitcherId,0.3
66,593417.0,OBP,vs LHH,PitcherId,0.375
107,593417.0,OBP,vs RHH,PitcherId,0.3
66,593417.0,OPS,vs LHH,PitcherId,1.075
107,593417.0,OPS,vs RHH,PitcherId,1.033
66,593417.0,SLG,vs LHH,PitcherId,0.7
107,593417.0,SLG,vs RHH,PitcherId,0.733
213,593428.0,AVG,vs RHP,HitterId,0.283
213,593428.0,OBP,vs RHP,HitterId,0.345
213,593428.0,OPS,vs RHP,HitterId,0.817
213,593428.0,SLG,vs RHP,HitterId,0.472
67,593679.0,AVG,vs LHH,PitcherId,0.375
108,593679.0,AVG,vs RHH,PitcherId,0.217
67,593679.0,OBP,vs LHH,PitcherId,0.394
108,593679.0,OBP,vs RHH,PitcherId,0.269
67,593679.0,OPS,vs LHH,PitcherId,0.769
108,593679.0,OPS,vs RHH,PitcherId,0.486
67,593679.0,SLG,vs LHH,PitcherId,0.375
108,593679.0,SLG,vs RHH,PitcherId,0.217
10,593871.0,AVG,vs LHP,HitterId,0.13
214,593871.0,AVG,vs RHP,HitterId,0.297
10,593871.0,OBP,vs LHP,HitterId,0.192
214,593871.0,OBP,vs RHP,HitterId,0.35
10,593871.0,OPS,vs LHP,HitterId,0.453
214,593871.0,OPS,vs RHP,HitterId,0.809
10,593871.0,SLG,vs LHP,HitterId,0.261
214,593871.0,SLG,vs RHP,HitterId,0.459
215,593934.0,AVG,vs RHP,HitterId,0.208
215,593934.0,OBP,vs RHP,HitterId,0.24
215,593934.0,OPS,vs RHP,HitterId,0.532
215,593934.0,SLG,vs RHP,HitterId,0.292
109,593958.0,AVG,vs RHH,PitcherId,0.263
109,593958.0,OBP,vs RHH,PitcherId,0.333
109,593958.0,OPS,vs RHH,PitcherId,0.737
109,593958.0,SLG,vs RHH,PitcherId,0.404
68,594742.0,AVG,vs LHH,PitcherId,0.243
110,594742.0,AVG,vs RHH,PitcherId,0.28
68,594742.0,OBP,vs LHH,PitcherId,0.256
110,594742.0,OBP,vs RHH,PitcherId,0.308
68,594742.0,OPS,vs LHH,PitcherId,0.607
110,594742.0,OPS,vs RHH,PitcherId,0.588
68,594742.0,SLG,vs LHH,PitcherId,0.351
110,594742.0,SLG,vs RHH,PitcherId,0.28
69,594760.0,AVG,vs LHH,PitcherId,0.286
111,594760.0,AVG,vs RHH,PitcherId,0.216
69,594760.0,OBP,vs LHH,PitcherId,0.444
111,594760.0,OBP,vs RHH,PitcherId,0.205
69,594760.0,OPS,vs LHH,PitcherId,0.92
111,594760.0,OPS,vs RHH,PitcherId,0.664
69,594760.0,SLG,vs LHH,PitcherId,0.476
111,594760.0,SLG,vs RHH,PitcherId,0.459
216,594777.0,AVG,vs RHP,HitterId,0.333
216,594777.0,OBP,vs RHP,HitterId,0.385
216,594777.0,OPS,vs RHP,HitterId,0.941
216,594777.0,SLG,vs RHP,HitterId,0.556
217,594807.0,AVG,vs RHP,HitterId,0.212
217,594807.0,OBP,vs RHP,HitterId,0.268
217,594807.0,OPS,vs RHP,HitterId,0.672
217,594807.0,SLG,vs RHP,HitterId,0.404
218,594809.0,AVG,vs RHP,HitterId,0.268
218,594809.0,OBP,vs RHP,HitterId,0.286
218,594809.0,OPS,vs RHP,HitterId,0.701
218,594809.0,SLG,vs RHP,HitterId,0.415
219,594828.0,AVG,vs RHP,HitterId,0.308
219,594828.0,OBP,vs RHP,HitterId,0.378
219,594828.0,OPS,vs RHP,HitterId,1.147
219,594828.0,SLG,vs RHP,HitterId,0.769
220,594988.0,AVG,vs RHP,HitterId,0.385
220,594988.0,OBP,vs RHP,HitterId,0.415
220,594988.0,OPS,vs RHP,HitterId,1.03
220,594988.0,SLG,vs RHP,HitterId,0.615
70,595001.0,AVG,vs LHH,PitcherId,0.273
112,595001.0,AVG,vs RHH,PitcherId,0.148
70,595001.0,OBP,vs LHH,PitcherId,0.385
112,595001.0,OBP,vs RHH,PitcherId,0.179
70,595001.0,OPS,vs LHH,PitcherId,0.885
112,595001.0,OPS,vs RHH,PitcherId,0.475
70,595001.0,SLG,vs LHH,PitcherId,0.5
112,595001.0,SLG,vs RHH,PitcherId,0.296
71,595032.0,AVG,vs LHH,PitcherId,0.133
71,595032.0,OBP,vs LHH,PitcherId,0.188
71,595032.0,OPS,vs LHH,PitcherId,0.321
71,595032.0,SLG,vs LHH,PitcherId,0.133
72,595191.0,AVG,vs LHH,PitcherId,0.256
113,595191.0,AVG,vs RHH,PitcherId,0.116
72,595191.0,OBP,vs LHH,PitcherId,0.289
113,595191.0,OBP,vs RHH,PitcherId,0.116
72,595191.0,OPS,vs LHH,PitcherId,0.87
113,595191.0,OPS,vs RHH,PitcherId,0.535
72,595191.0,SLG,vs LHH,PitcherId,0.581
113,595191.0,SLG,vs RHH,PitcherId,0.419
221,595281.0,AVG,vs RHP,HitterId,0.184
221,595281.0,OBP,vs RHP,HitterId,0.279
221,595281.0,OPS,vs RHP,HitterId,0.49
221,595281.0,SLG,vs RHP,HitterId,0.211
222,595879.0,AVG,vs RHP,HitterId,0.235
222,595879.0,OBP,vs RHP,HitterId,0.325
222,595879.0,OPS,vs RHP,HitterId,0.678
222,595879.0,SLG,vs RHP,HitterId,0.353
114,595918.0,AVG,vs RHH,PitcherId,0.304
114,595918.0,OBP,vs RHH,PitcherId,0.346
114,595918.0,OPS,vs RHH,PitcherId,0.868
114,595918.0,SLG,vs RHH,PitcherId,0.522
223,596019.0,AVG,vs RHP,HitterId,0.107
223,596019.0,OBP,vs RHP,HitterId,0.282
223,596019.0,OPS,vs RHP,HitterId,0.461
223,596019.0,SLG,vs RHP,HitterId,0.179
73,596043.0,AVG,vs LHH,PitcherId,0.292
115,596043.0,AVG,vs RHH,PitcherId,0.282
73,596043.0,OBP,vs LHH,PitcherId,0.346
115,596043.0,OBP,vs RHH,PitcherId,0.3
73,596043.0,OPS,vs LHH,PitcherId,0.888
115,596043.0,OPS,vs RHH,PitcherId,0.838
73,596043.0,SLG,vs LHH,PitcherId,0.542
115,596043.0,SLG,vs RHH,PitcherId,0.538
116,596057.0,AVG,vs RHH,PitcherId,0.32
116,596057.0,OBP,vs RHH,PitcherId,0.357
116,596057.0,OPS,vs RHH,PitcherId,0.817
116,596057.0,SLG,vs RHH,PitcherId,0.46
224,596059.0,AVG,vs RHP,HitterId,0.171
224,596059.0,OBP,vs RHP,HitterId,0.209
224,596059.0,OPS,vs RHP,HitterId,0.55
224,596059.0,SLG,vs RHP,HitterId,0.341
74,596112.0,AVG,vs LHH,PitcherId,0.406
117,596112.0,AVG,vs RHH,PitcherId,0.216
74,596112.0,OBP,vs LHH,PitcherId,0.513
117,596112.0,OBP,vs RHH,PitcherId,0.356
74,596112.0,OPS,vs LHH,PitcherId,1.263
117,596112.0,OPS,vs RHH,PitcherId,0.68
74,596112.0,SLG,vs LHH,PitcherId,0.75
117,596112.0,SLG,vs RHH,PitcherId,0.324
11,596142.0,AVG,vs LHP,HitterId,0.292
225,596142.0,AVG,vs RHP,HitterId,0.216
11,596142.0,OBP,vs LHP,HitterId,0.414
225,596142.0,OBP,vs RHP,HitterId,0.268
11,596142.0,OPS,vs LHP,HitterId,1.289
225,596142.0,OPS,vs RHP,HitterId,0.673
11,596142.0,SLG,vs LHP,HitterId,0.875
225,596142.0,SLG,vs RHP,HitterId,0.405
226,596143.0,AVG,vs RHP,HitterId,0.182
226,596143.0,OBP,vs RHP,HitterId,0.229
226,596143.0,OPS,vs RHP,HitterId,0.502
226,596143.0,SLG,vs RHP,HitterId,0.273
227,596144.0,AVG,vs RHP,HitterId,0.243
227,596144.0,OBP,vs RHP,HitterId,0.349
227,596144.0,OPS,vs RHP,HitterId,0.781
227,596144.0,SLG,vs RHP,HitterId,0.432
228,596146.0,AVG,vs RHP,HitterId,0.182
228,596146.0,OBP,vs RHP,HitterId,0.25
228,596146.0,OPS,vs RHP,HitterId,0.523
228,596146.0,SLG,vs RHP,HitterId,0.273
229,596451.0,AVG,vs RHP,HitterId,0.2
229,596451.0,OBP,vs RHP,HitterId,0.286
229,596451.0,OPS,vs RHP,HitterId,0.515
229,596451.0,SLG,vs RHP,HitterId,0.229
230,596748.0,AVG,vs RHP,HitterId,0.327
230,596748.0,OBP,vs RHP,HitterId,0.386
230,596748.0,OPS,vs RHP,HitterId,0.848
230,596748.0,SLG,vs RHP,HitterId,0.462
231,598265.0,AVG,vs RHP,HitterId,0.194
231,598265.0,OBP,vs RHP,HitterId,0.375
231,598265.0,OPS,vs RHP,HitterId,0.73
231,598265.0,SLG,vs RHP,HitterId,0.355
232,605137.0,AVG,vs RHP,HitterId,0.256
232,605137.0,OBP,vs RHP,HitterId,0.319
232,605137.0,OPS,vs RHP,HitterId,0.714
232,605137.0,SLG,vs RHP,HitterId,0.395
233,605141.0,AVG,vs RHP,HitterId,0.415
233,605141.0,OBP,vs RHP,HitterId,0.492
233,605141.0,OPS,vs RHP,HitterId,1.001
233,605141.0,SLG,vs RHP,HitterId,0.509
75,605151.0,AVG,vs LHH,PitcherId,0.347
118,605151.0,AVG,vs RHH,PitcherId,0.189
75,605151.0,OBP,vs LHH,PitcherId,0.448
118,605151.0,OBP,vs RHH,PitcherId,0.205
75,605151.0,OPS,vs LHH,PitcherId,0.979
118,605151.0,OPS,vs RHH,PitcherId,0.448
75,605151.0,SLG,vs LHH,PitcherId,0.531
118,605151.0,SLG,vs RHH,PitcherId,0.243
119,605164.0,AVG,vs RHH,PitcherId,0.2
119,605164.0,OBP,vs RHH,PitcherId,0.286
119,605164.0,OPS,vs RHH,PitcherId,0.646
119,605164.0,SLG,vs RHH,PitcherId,0.36
120,605182.0,AVG,vs RHH,PitcherId,0.385
120,605182.0,OBP,vs RHH,PitcherId,0.484
120,605182.0,OPS,vs RHH,PitcherId,1.33
120,605182.0,SLG,vs RHH,PitcherId,0.846
76,605194.0,AVG,vs LHH,PitcherId,0.2
121,605194.0,AVG,vs RHH,PitcherId,0.152
76,605194.0,OBP,vs LHH,PitcherId,0.226
121,605194.0,OBP,vs RHH,PitcherId,0.152
76,605194.0,OPS,vs LHH,PitcherId,0.559
121,605194.0,OPS,vs RHH,PitcherId,0.516
76,605194.0,SLG,vs LHH,PitcherId,0.333
121,605194.0,SLG,vs RHH,PitcherId,0.364
122,605200.0,AVG,vs RHH,PitcherId,0.375
122,605200.0,OBP,vs RHH,PitcherId,0.407
122,605200.0,OPS,vs RHH,PitcherId,0.99
122,605200.0,SLG,vs RHH,PitcherId,0.583
123,605232.0,AVG,vs RHH,PitcherId,0.276
123,605232.0,OBP,vs RHH,PitcherId,0.333
123,605232.0,OPS,vs RHH,PitcherId,0.678
123,605232.0,SLG,vs RHH,PitcherId,0.345
77,605242.0,AVG,vs LHH,PitcherId,0.293
124,605242.0,AVG,vs RHH,PitcherId,0.391
77,605242.0,OBP,vs LHH,PitcherId,0.37
124,605242.0,OBP,vs RHH,PitcherId,0.4
77,605242.0,OPS,vs LHH,PitcherId,0.711
124,605242.0,OPS,vs RHH,PitcherId,0.965
77,605242.0,SLG,vs LHH,PitcherId,0.341
124,605242.0,SLG,vs RHH,PitcherId,0.565
125,605388.0,AVG,vs RHH,PitcherId,0.378
125,605388.0,OBP,vs RHH,PitcherId,0.4
125,605388.0,OPS,vs RHH,PitcherId,0.978
125,605388.0,SLG,vs RHH,PitcherId,0.578
126,605397.0,AVG,vs RHH,PitcherId,0.185
126,605397.0,OBP,vs RHH,PitcherId,0.214
126,605397.0,OPS,vs RHH,PitcherId,0.51
126,605397.0,SLG,vs RHH,PitcherId,0.296
234,605412.0,AVG,vs RHP,HitterId,0.162
234,605412.0,OBP,vs RHP,HitterId,0.22
234,605412.0,OPS,vs RHP,HitterId,0.49
234,605412.0,SLG,vs RHP,HitterId,0.27
127,605452.0,AVG,vs RHH,PitcherId,0.292
127,605452.0,OBP,vs RHH,PitcherId,0.393
127,605452.0,OPS,vs RHH,PitcherId,0.685
127,605452.0,SLG,vs RHH,PitcherId,0.292
128,605483.0,AVG,vs RHH,PitcherId,0.216
128,605483.0,OBP,vs RHH,PitcherId,0.326
128,605483.0,OPS,vs RHH,PitcherId,0.623
128,605483.0,SLG,vs RHH,PitcherId,0.297
129,605538.0,AVG,vs RHH,PitcherId,0.333
129,605538.0,OBP,vs RHH,PitcherId,0.348
129,605538.0,OPS,vs RHH,PitcherId,0.992
129,605538.0,SLG,vs RHH,PitcherId,0.644
235,606115.0,AVG,vs RHP,HitterId,0.229
235,606115.0,OBP,vs RHP,HitterId,0.245
235,606115.0,OPS,vs RHP,HitterId,0.641
235,606115.0,SLG,vs RHP,HitterId,0.396
130,606131.0,AVG,vs RHH,PitcherId,0.2
130,606131.0,OBP,vs RHH,PitcherId,0.2
130,606131.0,OPS,vs RHH,PitcherId,0.64
130,606131.0,SLG,vs RHH,PitcherId,0.44
236,606299.0,AVG,vs RHP,HitterId,0.339
236,606299.0,OBP,vs RHP,HitterId,0.367
236,606299.0,OPS,vs RHP,HitterId,0.778
236,606299.0,SLG,vs RHP,HitterId,0.411
237,606466.0,AVG,vs RHP,HitterId,0.135
237,606466.0,OBP,vs RHP,HitterId,0.154
237,606466.0,OPS,vs RHP,HitterId,0.289
237,606466.0,SLG,vs RHP,HitterId,0.135
238,607054.0,AVG,vs RHP,HitterId,0.156
238,607054.0,OBP,vs RHP,HitterId,0.229
238,607054.0,OPS,vs RHP,HitterId,0.385
238,607054.0,SLG,vs RHP,HitterId,0.156
131,607074.0,AVG,vs RHH,PitcherId,0.185
131,607074.0,OBP,vs RHH,PitcherId,0.27
131,607074.0,OPS,vs RHH,PitcherId,0.64
131,607074.0,SLG,vs RHH,PitcherId,0.37
78,607192.0,AVG,vs LHH,PitcherId,0.3
132,607192.0,AVG,vs RHH,PitcherId,0.167
78,607192.0,OBP,vs LHH,PitcherId,0.44
132,607192.0,OBP,vs RHH,PitcherId,0.259
78,607192.0,OPS,vs LHH,PitcherId,0.84
132,607192.0,OPS,vs RHH,PitcherId,0.592
78,607192.0,SLG,vs LHH,PitcherId,0.4
132,607192.0,SLG,vs RHH,PitcherId,0.333
239,607208.0,AVG,vs RHP,HitterId,0.38
239,607208.0,OBP,vs RHP,HitterId,0.436
239,607208.0,OPS,vs RHP,HitterId,1.176
239,607208.0,SLG,vs RHP,HitterId,0.74
79,607229.0,AVG,vs LHH,PitcherId,0.184
133,607229.0,AVG,vs RHH,PitcherId,0.276
79,607229.0,OBP,vs LHH,PitcherId,0.244
133,607229.0,OBP,vs RHH,PitcherId,0.303
79,607229.0,OPS,vs LHH,PitcherId,0.455
133,607229.0,OPS,vs RHH,PitcherId,0.613
79,607229.0,SLG,vs LHH,PitcherId,0.211
133,607229.0,SLG,vs RHH,PitcherId,0.31
80,607625.0,AVG,vs LHH,PitcherId,0.161
134,607625.0,AVG,vs RHH,PitcherId,0.333
80,607625.0,OBP,vs LHH,PitcherId,0.308
134,607625.0,OBP,vs RHH,PitcherId,0.357
80,607625.0,OPS,vs LHH,PitcherId,0.727
134,607625.0,OPS,vs RHH,PitcherId,0.982
80,607625.0,SLG,vs LHH,PitcherId,0.419
134,607625.0,SLG,vs RHH,PitcherId,0.625
240,607680.0,AVG,vs RHP,HitterId,0.289
240,607680.0,OBP,vs RHP,HitterId,0.34
240,607680.0,OPS,vs RHP,HitterId,0.673
240,607680.0,SLG,vs RHP,HitterId,0.333
241,608061.0,AVG,vs RHP,HitterId,0.415
241,608061.0,OBP,vs RHP,HitterId,0.435
241,608061.0,OPS,vs RHP,HitterId,1.094
241,608061.0,SLG,vs RHP,HitterId,0.659
242,608070.0,AVG,vs RHP,HitterId,0.275
242,608070.0,OBP,vs RHP,HitterId,0.311
242,608070.0,OPS,vs RHP,HitterId,0.761
242,608070.0,SLG,vs RHP,HitterId,0.45
243,608365.0,AVG,vs RHP,HitterId,0.171
243,608365.0,OBP,vs RHP,HitterId,0.244
243,608365.0,OPS,vs RHP,HitterId,0.537
243,608365.0,SLG,vs RHP,HitterId,0.293
12,608369.0,AVG,vs LHP,HitterId,0.226
244,608369.0,AVG,vs RHP,HitterId,0.235
12,608369.0,OBP,vs LHP,HitterId,0.25
244,608369.0,OBP,vs RHP,HitterId,0.316
12,608369.0,OPS,vs LHP,HitterId,0.54
244,608369.0,OPS,vs RHP,HitterId,0.728
12,608369.0,SLG,vs LHP,HitterId,0.29
244,608369.0,SLG,vs RHP,HitterId,0.412
81,608566.0,AVG,vs LHH,PitcherId,0.371
135,608566.0,AVG,vs RHH,PitcherId,0.314
81,608566.0,OBP,vs LHH,PitcherId,0.385
135,608566.0,OBP,vs RHH,PitcherId,0.368
81,608566.0,OPS,vs LHH,PitcherId,0.985
135,608566.0,OPS,vs RHH,PitcherId,0.968
81,608566.0,SLG,vs LHH,PitcherId,0.6
135,608566.0,SLG,vs RHH,PitcherId,0.6
245,608577.0,AVG,vs RHP,HitterId,0.229
245,608577.0,OBP,vs RHP,HitterId,0.289
245,608577.0,OPS,vs RHP,HitterId,0.689
245,608577.0,SLG,vs RHP,HitterId,0.4
82,608648.0,AVG,vs LHH,PitcherId,0.192
82,608648.0,OBP,vs LHH,PitcherId,0.214
82,608648.0,OPS,vs LHH,PitcherId,0.483
82,608648.0,SLG,vs LHH,PitcherId,0.269
83,608665.0,AVG,vs LHH,PitcherId,0.25
136,608665.0,AVG,vs RHH,PitcherId,0.276
83,608665.0,OBP,vs LHH,PitcherId,0.25
136,608665.0,OBP,vs RHH,PitcherId,0.333
83,608665.0,OPS,vs LHH,PitcherId,0.525
136,608665.0,OPS,vs RHH,PitcherId,0.781
83,608665.0,SLG,vs LHH,PitcherId,0.275
136,608665.0,SLG,vs RHH,PitcherId,0.448
246,608671.0,AVG,vs RHP,HitterId,0.276
246,608671.0,OBP,vs RHP,HitterId,0.344
246,608671.0,OPS,vs RHP,HitterId,0.689
246,608671.0,SLG,vs RHP,HitterId,0.345
247,611177.0,AVG,vs RHP,HitterId,0.273
247,611177.0,OBP,vs RHP,HitterId,0.273
247,611177.0,OPS,vs RHP,HitterId,0.591
247,611177.0,SLG,vs RHP,HitterId,0.318
137,612672.0,AVG,vs RHH,PitcherId,0.238
137,612672.0,OBP,vs RHH,PitcherId,0.25
137,612672.0,OPS,vs RHH,PitcherId,0.655
137,612672.0,SLG,vs RHH,PitcherId,0.405
248,621020.0,AVG,vs RHP,HitterId,0.316
248,621020.0,OBP,vs RHP,HitterId,0.386
248,621020.0,OPS,vs RHP,HitterId,0.86
248,621020.0,SLG,vs RHP,HitterId,0.474
249,621043.0,AVG,vs RHP,HitterId,0.349
249,621043.0,OBP,vs RHP,HitterId,0.404
249,621043.0,OPS,vs RHP,HitterId,0.846
249,621043.0,SLG,vs RHP,HitterId,0.442
84,621052.0,AVG,vs LHH,PitcherId,0.25
138,621052.0,AVG,vs RHH,PitcherId,0.242
84,621052.0,OBP,vs LHH,PitcherId,0.308
138,621052.0,OBP,vs RHH,PitcherId,0.324
84,621052.0,OPS,vs LHH,PitcherId,0.697
138,621052.0,OPS,vs RHH,PitcherId,0.597
84,621052.0,SLG,vs LHH,PitcherId,0.389
138,621052.0,SLG,vs RHH,PitcherId,0.273
85,621244.0,AVG,vs LHH,PitcherId,0.214
139,621244.0,AVG,vs RHH,PitcherId,0.261
85,621244.0,OBP,vs LHH,PitcherId,0.353
139,621244.0,OBP,vs RHH,PitcherId,0.346
85,621244.0,OPS,vs LHH,PitcherId,0.782
139,621244.0,OPS,vs RHH,PitcherId,0.65
85,621244.0,SLG,vs LHH,PitcherId,0.429
139,621244.0,SLG,vs RHH,PitcherId,0.304
250,621311.0,AVG,vs RHP,HitterId,0.368
250,621311.0,OBP,vs RHP,HitterId,0.4
250,621311.0,OPS,vs RHP,HitterId,0.979
250,621311.0,SLG,vs RHP,HitterId,0.579
140,621389.0,AVG,vs RHH,PitcherId,0.2
140,621389.0,OBP,vs RHH,PitcherId,0.286
140,621389.0,OPS,vs RHH,PitcherId,0.646
140,621389.0,SLG,vs RHH,PitcherId,0.36
251,621439.0,AVG,vs RHP,HitterId,0.216
251,621439.0,OBP,vs RHP,HitterId,0.275
251,621439.0,OPS,vs RHP,HitterId,0.761
251,621439.0,SLG,vs RHP,HitterId,0.486
252,621563.0,AVG,vs RHP,HitterId,0.231
252,621563.0,OBP,vs RHP,HitterId,0.255
252,621563.0,OPS,vs RHP,HitterId,0.563
252,621563.0,SLG,vs RHP,HitterId,0.308
253,622194.0,AVG,vs RHP,HitterId,0.294
253,622194.0,OBP,vs RHP,HitterId,0.351
253,622194.0,OPS,vs RHP,HitterId,0.851
253,622194.0,SLG,vs RHP,HitterId,0.5
141,622663.0,AVG,vs RHH,PitcherId,0.24
141,622663.0,OBP,vs RHH,PitcherId,0.321
141,622663.0,OPS,vs RHH,PitcherId,0.801
141,622663.0,SLG,vs RHH,PitcherId,0.48
254,624424.0,AVG,vs RHP,HitterId,0.304
254,624424.0,OBP,vs RHP,HitterId,0.385
254,624424.0,OPS,vs RHP,HitterId,0.907
254,624424.0,SLG,vs RHP,HitterId,0.522
255,624428.0,AVG,vs RHP,HitterId,0.206
255,624428.0,OBP,vs RHP,HitterId,0.341
255,624428.0,OPS,vs RHP,HitterId,0.576
255,624428.0,SLG,vs RHP,HitterId,0.235
13,624577.0,AVG,vs LHP,HitterId,0.276
13,624577.0,OBP,vs LHP,HitterId,0.29
13,624577.0,OPS,vs LHP,HitterId,0.773
13,624577.0,SLG,vs LHP,HitterId,0.483
142,625643.0,AVG,vs RHH,PitcherId,0.296
142,625643.0,OBP,vs RHH,PitcherId,0.333
142,625643.0,OPS,vs RHH,PitcherId,0.74
142,625643.0,SLG,vs RHH,PitcherId,0.407
86,628317.0,AVG,vs LHH,PitcherId,0.343
143,628317.0,AVG,vs RHH,PitcherId,0.188
86,628317.0,OBP,vs LHH,PitcherId,0.425
143,628317.0,OBP,vs RHH,PitcherId,0.278
86,628317.0,OPS,vs LHH,PitcherId,0.996
143,628317.0,OPS,vs RHH,PitcherId,0.559
86,628317.0,SLG,vs LHH,PitcherId,0.571
143,628317.0,SLG,vs RHH,PitcherId,0.281
256,628356.0,AVG,vs RHP,HitterId,0.213
256,628356.0,OBP,vs RHP,HitterId,0.373
256,628356.0,OPS,vs RHP,HitterId,0.862
256,628356.0,SLG,vs RHP,HitterId,0.489
257,630111.0,AVG,vs RHP,HitterId,0.25
257,630111.0,OBP,vs RHP,HitterId,0.267
257,630111.0,OPS,vs RHP,HitterId,0.676
257,630111.0,SLG,vs RHP,HitterId,0.409
144,640455.0,AVG,vs RHH,PitcherId,0.167
144,640455.0,OBP,vs RHH,PitcherId,0.224
144,640455.0,OPS,vs RHH,PitcherId,0.465
144,640455.0,SLG,vs RHH,PitcherId,0.241
87,640463.0,AVG,vs LHH,PitcherId,0.323
145,640463.0,AVG,vs RHH,PitcherId,0.233
87,640463.0,OBP,vs LHH,PitcherId,0.4
145,640463.0,OBP,vs RHH,PitcherId,0.303
87,640463.0,OPS,vs LHH,PitcherId,0.948
145,640463.0,OPS,vs RHH,PitcherId,0.703
87,640463.0,SLG,vs LHH,PitcherId,0.548
145,640463.0,SLG,vs RHH,PitcherId,0.4
258,641313.0,AVG,vs RHP,HitterId,0.294
258,641313.0,OBP,vs RHP,HitterId,0.321
258,641313.0,OPS,vs RHP,HitterId,0.929
258,641313.0,SLG,vs RHP,HitterId,0.608
88,641771.0,AVG,vs LHH,PitcherId,0.37
146,641771.0,AVG,vs RHH,PitcherId,0.273
88,641771.0,OBP,vs LHH,PitcherId,0.387
146,641771.0,OBP,vs RHH,PitcherId,0.31
88,641771.0,OPS,vs LHH,PitcherId,0.868
146,641771.0,OPS,vs RHH,PitcherId,0.692
88,641771.0,SLG,vs LHH,PitcherId,0.481
146,641771.0,SLG,vs RHH,PitcherId,0.382
147,642229.0,AVG,vs RHH,PitcherId,0.322
147,642229.0,OBP,vs RHH,PitcherId,0.388
147,642229.0,OPS,vs RHH,PitcherId,0.829
147,642229.0,SLG,vs RHH,PitcherId,0.441
259,643217.0,AVG,vs RHP,HitterId,0.308
259,643217.0,OBP,vs RHP,HitterId,0.4
259,643217.0,OPS,vs RHP,HitterId,1.015
259,643217.0,SLG,vs RHP,HitterId,0.615
148,643230.0,AVG,vs RHH,PitcherId,0.37
148,643230.0,OBP,vs RHH,PitcherId,0.414
148,643230.0,OPS,vs RHH,PitcherId,1.081
148,643230.0,SLG,vs RHH,PitcherId,0.667
260,643393.0,AVG,vs RHP,HitterId,0.192
260,643393.0,OBP,vs RHP,HitterId,0.25
260,643393.0,OPS,vs RHP,HitterId,0.673
260,643393.0,SLG,vs RHP,HitterId,0.423
261,649557.0,AVG,vs RHP,HitterId,0.235
261,649557.0,OBP,vs RHP,HitterId,0.333
261,649557.0,OPS,vs RHP,HitterId,0.833
261,649557.0,SLG,vs RHP,HitterId,0.5
149,664641.0,AVG,vs RHH,PitcherId,0.167
149,664641.0,OBP,vs RHH,PitcherId,0.2
149,664641.0,OPS,vs RHH,PitcherId,0.7
149,664641.0,SLG,vs RHH,PitcherId,0.5
