SubjectId,Stat,Split,Subject,Value
108.0,AVG,vs LHH,PitcherTeamId,0.224
108.0,AVG,vs LHP,HitterTeamId,0.227
108.0,AVG,vs RHH,PitcherTeamId,0.272
108.0,AVG,vs RHP,HitterTeamId,0.247
108.0,OBP,vs LHH,PitcherTeamId,0.28
108.0,OBP,vs LHP,HitterTeamId,0.284
108.0,OBP,vs RHH,PitcherTeamId,0.346
108.0,OBP,vs RHP,HitterTeamId,0.331
108.0,OPS,vs LHH,PitcherTeamId,0.64
108.0,OPS,vs LHP,HitterTeamId,0.671
108.0,OPS,vs RHH,PitcherTeamId,0.74
108.0,OPS,vs RHP,HitterTeamId,0.698
108.0,SLG,vs LHH,PitcherTeamId,0.36
108.0,SLG,vs LHP,HitterTeamId,0.387
108.0,SLG,vs RHH,PitcherTeamId,0.394
108.0,SLG,vs RHP,HitterTeamId,0.367
109.0,AVG,vs LHH,PitcherTeamId,0.229
109.0,AVG,vs LHP,HitterTeamId,0.25
109.0,AVG,vs RHH,PitcherTeamId,0.224
109.0,AVG,vs RHP,HitterTeamId,0.22
109.0,OBP,vs LHH,PitcherTeamId,0.315
109.0,OBP,vs LHP,HitterTeamId,0.304
109.0,OBP,vs RHH,PitcherTeamId,0.289
109.0,OBP,vs RHP,HitterTeamId,0.281
109.0,OPS,vs LHH,PitcherTeamId,0.678
109.0,OPS,vs LHP,HitterTeamId,0.672
109.0,OPS,vs RHH,PitcherTeamId,0.686
109.0,OPS,vs RHP,HitterTeamId,0.688
109.0,SLG,vs LHH,PitcherTeamId,0.363
109.0,SLG,vs LHP,HitterTeamId,0.368
109.0,SLG,vs RHH,PitcherTeamId,0.397
109.0,SLG,vs RHP,HitterTeamId,0.407
110.0,AVG,vs LHH,PitcherTeamId,0.223
110.0,AVG,vs LHP,HitterTeamId,0.252
110.0,AVG,vs RHH,PitcherTeamId,0.237
110.0,AVG,vs RHP,HitterTeamId,0.224
110.0,OBP,vs LHH,PitcherTeamId,0.294
110.0,OBP,vs LHP,HitterTeamId,0.321
110.0,OBP,vs RHH,PitcherTeamId,0.297
110.0,OBP,vs RHP,HitterTeamId,0.283
110.0,OPS,vs LHH,PitcherTeamId,0.665
110.0,OPS,vs LHP,HitterTeamId,0.734
110.0,OPS,vs RHH,PitcherTeamId,0.651
110.0,OPS,vs RHP,HitterTeamId,0.649
110.0,SLG,vs LHH,PitcherTeamId,0.371
110.0,SLG,vs LHP,HitterTeamId,0.413
110.0,SLG,vs RHH,PitcherTeamId,0.354
110.0,SLG,vs RHP,HitterTeamId,0.366
111.0,AVG,vs LHH,PitcherTeamId,0.225
111.0,AVG,vs LHP,HitterTeamId,0.231
111.0,AVG,vs RHH,PitcherTeamId,0.247
111.0,AVG,vs RHP,HitterTeamId,0.251
111.0,OBP,vs LHH,PitcherTeamId,0.304
111.0,OBP,vs LHP,HitterTeamId,0.306
111.0,OBP,vs RHH,PitcherTeamId,0.306
111.0,OBP,vs RHP,HitterTeamId,0.332
111.0,OPS,vs LHH,PitcherTeamId,0.63
111.0,OPS,vs LHP,HitterTeamId,0.698
111.0,OPS,vs RHH,PitcherTeamId,0.708
111.0,OPS,vs RHP,HitterTeamId,0.738
111.0,SLG,vs LHH,PitcherTeamId,0.326
111.0,SLG,vs LHP,HitterTeamId,0.392
111.0,SLG,vs RHH,PitcherTeamId,0.402
111.0,SLG,vs RHP,HitterTeamId,0.406
112.0,AVG,vs LHH,PitcherTeamId,0.235
112.0,AVG,vs LHP,HitterTeamId,0.307
112.0,AVG,vs RHH,PitcherTeamId,0.23
112.0,AVG,vs RHP,HitterTeamId,0.271
112.0,OBP,vs LHH,PitcherTeamId,0.311
112.0,OBP,vs LHP,HitterTeamId,0.388
112.0,OBP,vs RHH,PitcherTeamId,0.293
112.0,OBP,vs RHP,HitterTeamId,0.36
112.0,OPS,vs LHH,PitcherTeamId,0.706
112.0,OPS,vs LHP,HitterTeamId,0.828
112.0,OPS,vs RHH,PitcherTeamId,0.672
112.0,OPS,vs RHP,HitterTeamId,0.811
112.0,SLG,vs LHH,PitcherTeamId,0.395
112.0,SLG,vs LHP,HitterTeamId,0.44
112.0,SLG,vs RHH,PitcherTeamId,0.379
112.0,SLG,vs RHP,HitterTeamId,0.451
113.0,AVG,vs LHH,PitcherTeamId,0.282
113.0,AVG,vs LHP,HitterTeamId,0.223
113.0,AVG,vs RHH,PitcherTeamId,0.261
113.0,AVG,vs RHP,HitterTeamId,0.293
113.0,OBP,vs LHH,PitcherTeamId,0.394
113.0,OBP,vs LHP,HitterTeamId,0.287
113.0,OBP,vs RHH,PitcherTeamId,0.329
113.0,OBP,vs RHP,HitterTeamId,0.329
113.0,OPS,vs LHH,PitcherTeamId,0.865
113.0,OPS,vs LHP,HitterTeamId,0.687
113.0,OPS,vs RHH,PitcherTeamId,0.778
113.0,OPS,vs RHP,HitterTeamId,0.761
113.0,SLG,vs LHH,PitcherTeamId,0.471
113.0,SLG,vs LHP,HitterTeamId,0.4
113.0,SLG,vs RHH,PitcherTeamId,0.449
113.0,SLG,vs RHP,HitterTeamId,0.432
114.0,AVG,vs LHH,PitcherTeamId,0.227
114.0,AVG,vs LHP,HitterTeamId,0.226
114.0,AVG,vs RHH,PitcherTeamId,0.259
114.0,AVG,vs RHP,HitterTeamId,0.235
114.0,OBP,vs LHH,PitcherTeamId,0.255
114.0,OBP,vs LHP,HitterTeamId,0.339
114.0,OBP,vs RHH,PitcherTeamId,0.331
114.0,OBP,vs RHP,HitterTeamId,0.32
114.0,OPS,vs LHH,PitcherTeamId,0.578
114.0,OPS,vs LHP,HitterTeamId,0.704
114.0,OPS,vs RHH,PitcherTeamId,0.794
114.0,OPS,vs RHP,HitterTeamId,0.688
114.0,SLG,vs LHH,PitcherTeamId,0.323
114.0,SLG,vs LHP,HitterTeamId,0.365
114.0,SLG,vs RHH,PitcherTeamId,0.463
114.0,SLG,vs RHP,HitterTeamId,0.368
115.0,AVG,vs LHH,PitcherTeamId,0.264
115.0,AVG,vs LHP,HitterTeamId,0.256
115.0,AVG,vs RHH,PitcherTeamId,0.297
115.0,AVG,vs RHP,HitterTeamId,0.298
115.0,OBP,vs LHH,PitcherTeamId,0.347
115.0,OBP,vs LHP,HitterTeamId,0.287
115.0,OBP,vs RHH,PitcherTeamId,0.363
115.0,OBP,vs RHP,HitterTeamId,0.34
115.0,OPS,vs LHH,PitcherTeamId,0.78
115.0,OPS,vs LHP,HitterTeamId,0.656
115.0,OPS,vs RHH,PitcherTeamId,0.878
115.0,OPS,vs RHP,HitterTeamId,0.815
115.0,SLG,vs LHH,PitcherTeamId,0.433
115.0,SLG,vs LHP,HitterTeamId,0.369
115.0,SLG,vs RHH,PitcherTeamId,0.515
115.0,SLG,vs RHP,HitterTeamId,0.475
116.0,AVG,vs LHH,PitcherTeamId,0.208
116.0,AVG,vs LHP,HitterTeamId,0.248
116.0,AVG,vs RHH,PitcherTeamId,0.282
116.0,AVG,vs RHP,HitterTeamId,0.287
116.0,OBP,vs LHH,PitcherTeamId,0.279
116.0,OBP,vs LHP,HitterTeamId,0.331
116.0,OBP,vs RHH,PitcherTeamId,0.333
116.0,OBP,vs RHP,HitterTeamId,0.364
116.0,OPS,vs LHH,PitcherTeamId,0.632
116.0,OPS,vs LHP,HitterTeamId,0.753
116.0,OPS,vs RHH,PitcherTeamId,0.772
116.0,OPS,vs RHP,HitterTeamId,0.854
116.0,SLG,vs LHH,PitcherTeamId,0.353
116.0,SLG,vs LHP,HitterTeamId,0.422
116.0,SLG,vs RHH,PitcherTeamId,0.439
116.0,SLG,vs RHP,HitterTeamId,0.49
117.0,AVG,vs LHH,PitcherTeamId,0.258
117.0,AVG,vs LHP,HitterTeamId,0.197
117.0,AVG,vs RHH,PitcherTeamId,0.213
117.0,AVG,vs RHP,HitterTeamId,0.264
117.0,OBP,vs LHH,PitcherTeamId,0.34
117.0,OBP,vs LHP,HitterTeamId,0.241
117.0,OBP,vs RHH,PitcherTeamId,0.289
117.0,OBP,vs RHP,HitterTeamId,0.318
117.0,OPS,vs LHH,PitcherTeamId,0.751
117.0,OPS,vs LHP,HitterTeamId,0.559
117.0,OPS,vs RHH,PitcherTeamId,0.622
117.0,OPS,vs RHP,HitterTeamId,0.702
117.0,SLG,vs LHH,PitcherTeamId,0.411
117.0,SLG,vs LHP,HitterTeamId,0.318
117.0,SLG,vs RHH,PitcherTeamId,0.333
117.0,SLG,vs RHP,HitterTeamId,0.384
118.0,AVG,vs LHH,PitcherTeamId,0.286
118.0,AVG,vs LHP,HitterTeamId,0.302
118.0,AVG,vs RHH,PitcherTeamId,0.277
118.0,AVG,vs RHP,HitterTeamId,0.247
118.0,OBP,vs LHH,PitcherTeamId,0.365
118.0,OBP,vs LHP,HitterTeamId,0.349
118.0,OBP,vs RHH,PitcherTeamId,0.346
118.0,OBP,vs RHP,HitterTeamId,0.282
118.0,OPS,vs LHH,PitcherTeamId,0.854
118.0,OPS,vs LHP,HitterTeamId,0.861
118.0,OPS,vs RHH,PitcherTeamId,0.8
118.0,OPS,vs RHP,HitterTeamId,0.663
118.0,SLG,vs LHH,PitcherTeamId,0.489
118.0,SLG,vs LHP,HitterTeamId,0.512
118.0,SLG,vs RHH,PitcherTeamId,0.454
118.0,SLG,vs RHP,HitterTeamId,0.381
119.0,AVG,vs LHH,PitcherTeamId,0.282
119.0,AVG,vs LHP,HitterTeamId,0.217
119.0,AVG,vs RHH,PitcherTeamId,0.244
119.0,AVG,vs RHP,HitterTeamId,0.287
119.0,OBP,vs LHH,PitcherTeamId,0.338
119.0,OBP,vs LHP,HitterTeamId,0.278
119.0,OBP,vs RHH,PitcherTeamId,0.299
119.0,OBP,vs RHP,HitterTeamId,0.365
119.0,OPS,vs LHH,PitcherTeamId,0.728
119.0,OPS,vs LHP,HitterTeamId,0.604
119.0,OPS,vs RHH,PitcherTeamId,0.712
119.0,OPS,vs RHP,HitterTeamId,0.819
119.0,SLG,vs LHH,PitcherTeamId,0.39
119.0,SLG,vs LHP,HitterTeamId,0.326
119.0,SLG,vs RHH,PitcherTeamId,0.413
119.0,SLG,vs RHP,HitterTeamId,0.454
120.0,AVG,vs LHH,PitcherTeamId,0.275
120.0,AVG,vs LHP,HitterTeamId,0.273
120.0,AVG,vs RHH,PitcherTeamId,0.25
120.0,AVG,vs RHP,HitterTeamId,0.254
120.0,OBP,vs LHH,PitcherTeamId,0.341
120.0,OBP,vs LHP,HitterTeamId,0.333
120.0,OBP,vs RHH,PitcherTeamId,0.315
120.0,OBP,vs RHP,HitterTeamId,0.32
120.0,OPS,vs LHH,PitcherTeamId,0.792
120.0,OPS,vs LHP,HitterTeamId,0.771
120.0,OPS,vs RHH,PitcherTeamId,0.71
120.0,OPS,vs RHP,HitterTeamId,0.725
120.0,SLG,vs LHH,PitcherTeamId,0.451
120.0,SLG,vs LHP,HitterTeamId,0.438
120.0,SLG,vs RHH,PitcherTeamId,0.395
120.0,SLG,vs RHP,HitterTeamId,0.405
121.0,AVG,vs LHH,PitcherTeamId,0.27
121.0,AVG,vs LHP,HitterTeamId,0.268
121.0,AVG,vs RHH,PitcherTeamId,0.23
121.0,AVG,vs RHP,HitterTeamId,0.277
121.0,OBP,vs LHH,PitcherTeamId,0.344
121.0,OBP,vs LHP,HitterTeamId,0.339
121.0,OBP,vs RHH,PitcherTeamId,0.27
121.0,OBP,vs RHP,HitterTeamId,0.359
121.0,OPS,vs LHH,PitcherTeamId,0.719
121.0,OPS,vs LHP,HitterTeamId,0.71
121.0,OPS,vs RHH,PitcherTeamId,0.633
121.0,OPS,vs RHP,HitterTeamId,0.819
121.0,SLG,vs LHH,PitcherTeamId,0.375
121.0,SLG,vs LHP,HitterTeamId,0.371
121.0,SLG,vs RHH,PitcherTeamId,0.363
121.0,SLG,vs RHP,HitterTeamId,0.46
133.0,AVG,vs LHH,PitcherTeamId,0.262
133.0,AVG,vs LHP,HitterTeamId,0.268
133.0,AVG,vs RHH,PitcherTeamId,0.235
133.0,AVG,vs RHP,HitterTeamId,0.228
133.0,OBP,vs LHH,PitcherTeamId,0.311
133.0,OBP,vs LHP,HitterTeamId,0.333
133.0,OBP,vs RHH,PitcherTeamId,0.281
133.0,OBP,vs RHP,HitterTeamId,0.298
133.0,OPS,vs LHH,PitcherTeamId,0.723
133.0,OPS,vs LHP,HitterTeamId,0.805
133.0,OPS,vs RHH,PitcherTeamId,0.707
133.0,OPS,vs RHP,HitterTeamId,0.683
133.0,SLG,vs LHH,PitcherTeamId,0.412
133.0,SLG,vs LHP,HitterTeamId,0.472
133.0,SLG,vs RHH,PitcherTeamId,0.426
133.0,SLG,vs RHP,HitterTeamId,0.385
134.0,AVG,vs LHH,PitcherTeamId,0.332
134.0,AVG,vs LHP,HitterTeamId,0.242
134.0,AVG,vs RHH,PitcherTeamId,0.242
134.0,AVG,vs RHP,HitterTeamId,0.262
134.0,OBP,vs LHH,PitcherTeamId,0.404
134.0,OBP,vs LHP,HitterTeamId,0.333
134.0,OBP,vs RHH,PitcherTeamId,0.288
134.0,OBP,vs RHP,HitterTeamId,0.34
134.0,OPS,vs LHH,PitcherTeamId,0.973
134.0,OPS,vs LHP,HitterTeamId,0.606
134.0,OPS,vs RHH,PitcherTeamId,0.665
134.0,OPS,vs RHP,HitterTeamId,0.78
134.0,SLG,vs LHH,PitcherTeamId,0.569
134.0,SLG,vs LHP,HitterTeamId,0.273
134.0,SLG,vs RHH,PitcherTeamId,0.377
134.0,SLG,vs RHP,HitterTeamId,0.44
135.0,AVG,vs LHH,PitcherTeamId,0.247
135.0,AVG,vs LHP,HitterTeamId,0.231
135.0,AVG,vs RHH,PitcherTeamId,0.251
135.0,AVG,vs RHP,HitterTeamId,0.235
135.0,OBP,vs LHH,PitcherTeamId,0.321
135.0,OBP,vs LHP,HitterTeamId,0.29
135.0,OBP,vs RHH,PitcherTeamId,0.305
135.0,OBP,vs RHP,HitterTeamId,0.29
135.0,OPS,vs LHH,PitcherTeamId,0.716
135.0,OPS,vs LHP,HitterTeamId,0.675
135.0,OPS,vs RHH,PitcherTeamId,0.735
135.0,OPS,vs RHP,HitterTeamId,0.677
135.0,SLG,vs LHH,PitcherTeamId,0.395
135.0,SLG,vs LHP,HitterTeamId,0.385
135.0,SLG,vs RHH,PitcherTeamId,0.43
135.0,SLG,vs RHP,HitterTeamId,0.387
136.0,AVG,vs LHH,PitcherTeamId,0.217
136.0,AVG,vs LHP,HitterTeamId,0.264
136.0,AVG,vs RHH,PitcherTeamId,0.246
136.0,AVG,vs RHP,HitterTeamId,0.238
136.0,OBP,vs LHH,PitcherTeamId,0.295
136.0,OBP,vs LHP,HitterTeamId,0.325
136.0,OBP,vs RHH,PitcherTeamId,0.296
136.0,OBP,vs RHP,HitterTeamId,0.307
136.0,OPS,vs LHH,PitcherTeamId,0.643
136.0,OPS,vs LHP,HitterTeamId,0.761
136.0,OPS,vs RHH,PitcherTeamId,0.721
136.0,OPS,vs RHP,HitterTeamId,0.686
136.0,SLG,vs LHH,PitcherTeamId,0.348
136.0,SLG,vs LHP,HitterTeamId,0.436
136.0,SLG,vs RHH,PitcherTeamId,0.425
136.0,SLG,vs RHP,HitterTeamId,0.379
137.0,AVG,vs LHH,PitcherTeamId,0.239
137.0,AVG,vs LHP,HitterTeamId,0.209
137.0,AVG,vs RHH,PitcherTeamId,0.229
137.0,AVG,vs RHP,HitterTeamId,0.307
137.0,OBP,vs LHH,PitcherTeamId,0.282
137.0,OBP,vs LHP,HitterTeamId,0.257
137.0,OBP,vs RHH,PitcherTeamId,0.276
137.0,OBP,vs RHP,HitterTeamId,0.377
137.0,OPS,vs LHH,PitcherTeamId,0.614
137.0,OPS,vs LHP,HitterTeamId,0.555
137.0,OPS,vs RHH,PitcherTeamId,0.615
137.0,OPS,vs RHP,HitterTeamId,0.831
137.0,SLG,vs LHH,PitcherTeamId,0.332
137.0,SLG,vs LHP,HitterTeamId,0.298
137.0,SLG,vs RHH,PitcherTeamId,0.339
137.0,SLG,vs RHP,HitterTeamId,0.454
138.0,AVG,vs LHH,PitcherTeamId,0.266
138.0,AVG,vs LHP,HitterTeamId,0.273
138.0,AVG,vs RHH,PitcherTeamId,0.299
138.0,AVG,vs RHP,HitterTeamId,0.263
138.0,OBP,vs LHH,PitcherTeamId,0.336
138.0,OBP,vs LHP,HitterTeamId,0.335
138.0,OBP,vs RHH,PitcherTeamId,0.333
138.0,OBP,vs RHP,HitterTeamId,0.324
138.0,OPS,vs LHH,PitcherTeamId,0.729
138.0,OPS,vs LHP,HitterTeamId,0.803
138.0,OPS,vs RHH,PitcherTeamId,0.777
138.0,OPS,vs RHP,HitterTeamId,0.735
138.0,SLG,vs LHH,PitcherTeamId,0.393
138.0,SLG,vs LHP,HitterTeamId,0.468
138.0,SLG,vs RHH,PitcherTeamId,0.444
138.0,SLG,vs RHP,HitterTeamId,0.411
139.0,AVG,vs LHH,PitcherTeamId,0.252
139.0,AVG,vs LHP,HitterTeamId,0.248
139.0,AVG,vs RHH,PitcherTeamId,0.276
139.0,AVG,vs RHP,HitterTeamId,0.224
139.0,OBP,vs LHH,PitcherTeamId,0.313
139.0,OBP,vs LHP,HitterTeamId,0.302
139.0,OBP,vs RHH,PitcherTeamId,0.336
139.0,OBP,vs RHP,HitterTeamId,0.272
139.0,OPS,vs LHH,PitcherTeamId,0.704
139.0,OPS,vs LHP,HitterTeamId,0.668
139.0,OPS,vs RHH,PitcherTeamId,0.803
139.0,OPS,vs RHP,HitterTeamId,0.672
139.0,SLG,vs LHH,PitcherTeamId,0.391
139.0,SLG,vs LHP,HitterTeamId,0.366
139.0,SLG,vs RHH,PitcherTeamId,0.467
139.0,SLG,vs RHP,HitterTeamId,0.4
140.0,AVG,vs LHH,PitcherTeamId,0.203
140.0,AVG,vs LHP,HitterTeamId,0.255
140.0,AVG,vs RHH,PitcherTeamId,0.264
140.0,AVG,vs RHP,HitterTeamId,0.246
140.0,OBP,vs LHH,PitcherTeamId,0.277
140.0,OBP,vs LHP,HitterTeamId,0.328
140.0,OBP,vs RHH,PitcherTeamId,0.328
140.0,OBP,vs RHP,HitterTeamId,0.301
140.0,OPS,vs LHH,PitcherTeamId,0.567
140.0,OPS,vs LHP,HitterTeamId,0.655
140.0,OPS,vs RHH,PitcherTeamId,0.755
140.0,OPS,vs RHP,HitterTeamId,0.713
140.0,SLG,vs LHH,PitcherTeamId,0.29
140.0,SLG,vs LHP,HitterTeamId,0.327
140.0,SLG,vs RHH,PitcherTeamId,0.427
140.0,SLG,vs RHP,HitterTeamId,0.412
141.0,AVG,vs LHH,PitcherTeamId,0.213
141.0,AVG,vs LHP,HitterTeamId,0.182
141.0,AVG,vs RHH,PitcherTeamId,0.212
141.0,AVG,vs RHP,HitterTeamId,0.263
141.0,OBP,vs LHH,PitcherTeamId,0.291
141.0,OBP,vs LHP,HitterTeamId,0.274
141.0,OBP,vs RHH,PitcherTeamId,0.275
141.0,OBP,vs RHP,HitterTeamId,0.367
141.0,OPS,vs LHH,PitcherTeamId,0.608
141.0,OPS,vs LHP,HitterTeamId,0.547
141.0,OPS,vs RHH,PitcherTeamId,0.572
141.0,OPS,vs RHP,HitterTeamId,0.774
141.0,SLG,vs LHH,PitcherTeamId,0.317
141.0,SLG,vs LHP,HitterTeamId,0.273
141.0,SLG,vs RHH,PitcherTeamId,0.297
141.0,SLG,vs RHP,HitterTeamId,0.407
142.0,AVG,vs LHH,PitcherTeamId,0.211
142.0,AVG,vs LHP,HitterTeamId,0.207
142.0,AVG,vs RHH,PitcherTeamId,0.267
142.0,AVG,vs RHP,HitterTeamId,0.201
142.0,OBP,vs LHH,PitcherTeamId,0.3
142.0,OBP,vs LHP,HitterTeamId,0.258
142.0,OBP,vs RHH,PitcherTeamId,0.33
142.0,OBP,vs RHP,HitterTeamId,0.286
142.0,OPS,vs LHH,PitcherTeamId,0.635
142.0,OPS,vs LHP,HitterTeamId,0.617
142.0,OPS,vs RHH,PitcherTeamId,0.764
142.0,OPS,vs RHP,HitterTeamId,0.622
142.0,SLG,vs LHH,PitcherTeamId,0.335
142.0,SLG,vs LHP,HitterTeamId,0.359
142.0,SLG,vs RHH,PitcherTeamId,0.434
142.0,SLG,vs RHP,HitterTeamId,0.336
143.0,AVG,vs LHH,PitcherTeamId,0.292
143.0,AVG,vs LHP,HitterTeamId,0.329
143.0,AVG,vs RHH,PitcherTeamId,0.26
143.0,AVG,vs RHP,HitterTeamId,0.256
143.0,OBP,vs LHH,PitcherTeamId,0.372
143.0,OBP,vs LHP,HitterTeamId,0.419
143.0,OBP,vs RHH,PitcherTeamId,0.33
143.0,OBP,vs RHP,HitterTeamId,0.319
143.0,OPS,vs LHH,PitcherTeamId,0.877
143.0,OPS,vs LHP,HitterTeamId,0.94
143.0,OPS,vs RHH,PitcherTeamId,0.758
143.0,OPS,vs RHP,HitterTeamId,0.697
143.0,SLG,vs LHH,PitcherTeamId,0.505
143.0,SLG,vs LHP,HitterTeamId,0.521
143.0,SLG,vs RHH,PitcherTeamId,0.428
143.0,SLG,vs RHP,HitterTeamId,0.378
144.0,AVG,vs LHH,PitcherTeamId,0.218
144.0,AVG,vs LHP,HitterTeamId,0.336
144.0,AVG,vs RHH,PitcherTeamId,0.256
144.0,AVG,vs RHP,HitterTeamId,0.261
144.0,OBP,vs LHH,PitcherTeamId,0.321
144.0,OBP,vs LHP,HitterTeamId,0.382
144.0,OBP,vs RHH,PitcherTeamId,0.302
144.0,OBP,vs RHP,HitterTeamId,0.328
144.0,OPS,vs LHH,PitcherTeamId,0.656
144.0,OPS,vs LHP,HitterTeamId,0.911
144.0,OPS,vs RHH,PitcherTeamId,0.73
144.0,OPS,vs RHP,HitterTeamId,0.718
144.0,SLG,vs LHH,PitcherTeamId,0.335
144.0,SLG,vs LHP,HitterTeamId,0.529
144.0,SLG,vs RHH,PitcherTeamId,0.428
144.0,SLG,vs RHP,HitterTeamId,0.39
145.0,AVG,vs LHH,PitcherTeamId,0.257
145.0,AVG,vs LHP,HitterTeamId,0.263
145.0,AVG,vs RHH,PitcherTeamId,0.246
145.0,AVG,vs RHP,HitterTeamId,0.264
145.0,OBP,vs LHH,PitcherTeamId,0.331
145.0,OBP,vs LHP,HitterTeamId,0.322
145.0,OBP,vs RHH,PitcherTeamId,0.312
145.0,OBP,vs RHP,HitterTeamId,0.312
145.0,OPS,vs LHH,PitcherTeamId,0.707
145.0,OPS,vs LHP,HitterTeamId,0.702
145.0,OPS,vs RHH,PitcherTeamId,0.724
145.0,OPS,vs RHP,HitterTeamId,0.777
145.0,SLG,vs LHH,PitcherTeamId,0.376
145.0,SLG,vs LHP,HitterTeamId,0.38
145.0,SLG,vs RHH,PitcherTeamId,0.412
145.0,SLG,vs RHP,HitterTeamId,0.465
146.0,AVG,vs LHH,PitcherTeamId,0.283
146.0,AVG,vs LHP,HitterTeamId,0.25
146.0,AVG,vs RHH,PitcherTeamId,0.245
146.0,AVG,vs RHP,HitterTeamId,0.22
146.0,OBP,vs LHH,PitcherTeamId,0.377
146.0,OBP,vs LHP,HitterTeamId,0.288
146.0,OBP,vs RHH,PitcherTeamId,0.299
146.0,OBP,vs RHP,HitterTeamId,0.292
146.0,OPS,vs LHH,PitcherTeamId,0.815
146.0,OPS,vs LHP,HitterTeamId,0.645
146.0,OPS,vs RHH,PitcherTeamId,0.709
146.0,OPS,vs RHP,HitterTeamId,0.648
146.0,SLG,vs LHH,PitcherTeamId,0.438
146.0,SLG,vs LHP,HitterTeamId,0.357
146.0,SLG,vs RHH,PitcherTeamId,0.41
146.0,SLG,vs RHP,HitterTeamId,0.356
147.0,AVG,vs LHH,PitcherTeamId,0.24
147.0,AVG,vs LHP,HitterTeamId,0.291
147.0,AVG,vs RHH,PitcherTeamId,0.262
147.0,AVG,vs RHP,HitterTeamId,0.241
147.0,OBP,vs LHH,PitcherTeamId,0.335
147.0,OBP,vs LHP,HitterTeamId,0.346
147.0,OBP,vs RHH,PitcherTeamId,0.343
147.0,OBP,vs RHP,HitterTeamId,0.312
147.0,OPS,vs LHH,PitcherTeamId,0.738
147.0,OPS,vs LHP,HitterTeamId,0.807
147.0,OPS,vs RHH,PitcherTeamId,0.805
147.0,OPS,vs RHP,HitterTeamId,0.678
147.0,SLG,vs LHH,PitcherTeamId,0.403
147.0,SLG,vs LHP,HitterTeamId,0.461
147.0,SLG,vs RHH,PitcherTeamId,0.462
147.0,SLG,vs RHP,HitterTeamId,0.366
158.0,AVG,vs LHH,PitcherTeamId,0.274
158.0,AVG,vs LHP,HitterTeamId,0.245
158.0,AVG,vs RHH,PitcherTeamId,0.276
158.0,AVG,vs RHP,HitterTeamId,0.228
158.0,OBP,vs LHH,PitcherTeamId,0.339
158.0,OBP,vs LHP,HitterTeamId,0.28
158.0,OBP,vs RHH,PitcherTeamId,0.322
158.0,OBP,vs RHP,HitterTeamId,0.296
158.0,OPS,vs LHH,PitcherTeamId,0.725
158.0,OPS,vs LHP,HitterTeamId,0.702
158.0,OPS,vs RHH,PitcherTeamId,0.759
158.0,OPS,vs RHP,HitterTeamId,0.715
158.0,SLG,vs LHH,PitcherTeamId,0.386
158.0,SLG,vs LHP,HitterTeamId,0.422
158.0,SLG,vs RHH,PitcherTeamId,0.437
158.0,SLG,vs RHP,HitterTeamId,0.419
112526.0,AVG,vs LHH,PitcherId,0.289
112526.0,AVG,vs RHH,PitcherId,0.243
112526.0,OBP,vs LHH,PitcherId,0.312
112526.0,OBP,vs RHH,PitcherId,0.243
112526.0,OPS,vs LHH,PitcherId,0.801
112526.0,OPS,vs RHH,PitcherId,0.594
112526.0,SLG,vs LHH,PitcherId,0.489
112526.0,SLG,vs RHH,PitcherId,0.351
120074.0,AVG,vs RHP,HitterId,0.277
120074.0,OBP,vs RHP,HitterId,0.364
120074.0,OPS,vs RHP,HitterId,0.938
120074.0,SLG,vs RHP,HitterId,0.574
134181.0,AVG,vs RHP,HitterId,0.325
134181.0,OBP,vs RHP,HitterId,0.386
134181.0,OPS,vs RHP,HitterId,0.961
134181.0,SLG,vs RHP,HitterId,0.575
136860.0,AVG,vs RHP,HitterId,0.295
136860.0,OBP,vs RHP,HitterId,0.326
136860.0,OPS,vs RHP,HitterId,0.826
136860.0,SLG,vs RHP,HitterId,0.5
150029.0,AVG,vs RHP,HitterId,0.237
150029.0,OBP,vs RHP,HitterId,0.341
150029.0,OPS,vs RHP,HitterId,0.63
150029.0,SLG,vs RHP,HitterId,0.289
282332.0,AVG,vs RHH,PitcherId,0.245
282332.0,OBP,vs RHH,PitcherId,0.333
282332.0,OPS,vs RHH,PitcherId,0.729
282332.0,SLG,vs RHH,PitcherId,0.396
285064.0,AVG,vs LHH,PitcherId,0.333
285064.0,AVG,vs RHH,PitcherId,0.182
285064.0,OBP,vs LHH,PitcherId,0.5
285064.0,OBP,vs RHH,PitcherId,0.24
285064.0,OPS,vs LHH,PitcherId,1.167
285064.0,OPS,vs RHH,PitcherId,0.445
285064.0,SLG,vs LHH,PitcherId,0.667
285064.0,SLG,vs RHH,PitcherId,0.205
400121.0,AVG,vs RHP,HitterId,0.242
400121.0,OBP,vs RHP,HitterId,0.342
400121.0,OPS,vs RHP,HitterId,0.766
400121.0,SLG,vs RHP,HitterId,0.424
400284.0,AVG,vs RHP,HitterId,0.344
400284.0,OBP,vs RHP,HitterId,0.417
400284.0,OPS,vs RHP,HitterId,1.073
400284.0,SLG,vs RHP,HitterId,0.656
405395.0,AVG,vs RHP,HitterId,0.406
405395.0,OBP,vs RHP,HitterId,0.472
405395.0,OPS,vs RHP,HitterId,1.066
405395.0,SLG,vs RHP,HitterId,0.594
407793.0,AVG,vs RHH,PitcherId,0.26
407793.0,OBP,vs RHH,PitcherId,0.309
407793.0,OPS,vs RHH,PitcherId,0.729
407793.0,SLG,vs RHH,PitcherId,0.42
407890.0,AVG,vs LHH,PitcherId,0.261
407890.0,AVG,vs RHH,PitcherId,0.281
407890.0,OBP,vs LHH,PitcherId,0.37
407890.0,OBP,vs RHH,PitcherId,0.361
407890.0,OPS,vs LHH,PitcherId,0.805
407890.0,OPS,vs RHH,PitcherId,0.892
407890.0,SLG,vs LHH,PitcherId,0.435
407890.0,SLG,vs RHH,PitcherId,0.531
407893.0,AVG,vs RHP,HitterId,0.261
407893.0,OBP,vs RHP,HitterId,0.28
407893.0,OPS,vs RHP,HitterId,0.889
407893.0,SLG,vs RHP,HitterId,0.609
408047.0,AVG,vs RHP,HitterId,0.269
408047.0,OBP,vs RHP,HitterId,0.345
408047.0,OPS,vs RHP,HitterId,0.653
408047.0,SLG,vs RHP,HitterId,0.308
408234.0,AVG,vs RHP,HitterId,0.435
408234.0,OBP,vs RHP,HitterId,0.536
408234.0,OPS,vs RHP,HitterId,1.362
408234.0,SLG,vs RHP,HitterId,0.826
408236.0,AVG,vs RHP,HitterId,0.286
408236.0,OBP,vs RHP,HitterId,0.382
408236.0,OPS,vs RHP,HitterId,0.846
408236.0,SLG,vs RHP,HitterId,0.464
408252.0,AVG,vs RHP,HitterId,0.314
408252.0,OBP,vs RHP,HitterId,0.297
408252.0,OPS,vs RHP,HitterId,0.783
408252.0,SLG,vs RHP,HitterId,0.486
408314.0,AVG,vs RHP,HitterId,0.232
408314.0,OBP,vs RHP,HitterId,0.317
408314.0,OPS,vs RHP,HitterId,0.728
408314.0,SLG,vs RHP,HitterId,0.411
424825.0,AVG,vs RHP,HitterId,0.208
424825.0,OBP,vs RHP,HitterId,0.31
424825.0,OPS,vs RHP,HitterId,0.685
424825.0,SLG,vs RHP,HitterId,0.375
425509.0,AVG,vs RHP,HitterId,0.432
425509.0,OBP,vs RHP,HitterId,0.488
425509.0,OPS,vs RHP,HitterId,1.083
425509.0,SLG,vs RHP,HitterId,0.595
425766.0,AVG,vs RHP,HitterId,0.31
425766.0,OBP,vs RHP,HitterId,0.355
425766.0,OPS,vs RHP,HitterId,0.941
425766.0,SLG,vs RHP,HitterId,0.586
425784.0,AVG,vs RHP,HitterId,0.2
425784.0,OBP,vs RHP,HitterId,0.259
425784.0,OPS,vs RHP,HitterId,0.579
425784.0,SLG,vs RHP,HitterId,0.32
425794.0,AVG,vs LHH,PitcherId,0.34
425794.0,AVG,vs RHH,PitcherId,0.341
425794.0,OBP,vs LHH,PitcherId,0.431
425794.0,OBP,vs RHH,PitcherId,0.347
425794.0,OPS,vs LHH,PitcherId,1.111
425794.0,OPS,vs RHH,PitcherId,0.802
425794.0,SLG,vs LHH,PitcherId,0.68
425794.0,SLG,vs RHH,PitcherId,0.455
425844.0,AVG,vs LHH,PitcherId,0.107
425844.0,OBP,vs LHH,PitcherId,0.265
425844.0,OPS,vs LHH,PitcherId,0.408
425844.0,SLG,vs LHH,PitcherId,0.143
425877.0,AVG,vs RHP,HitterId,0.477
425877.0,OBP,vs RHP,HitterId,0.51
425877.0,OPS,vs RHP,HitterId,1.146
425877.0,SLG,vs RHP,HitterId,0.636
429664.0,AVG,vs RHP,HitterId,0.298
429664.0,OBP,vs RHP,HitterId,0.358
429664.0,OPS,vs RHP,HitterId,1.103
429664.0,SLG,vs RHP,HitterId,0.745
429665.0,AVG,vs RHP,HitterId,0.224
429665.0,OBP,vs RHP,HitterId,0.324
429665.0,OPS,vs RHP,HitterId,0.703
429665.0,SLG,vs RHP,HitterId,0.379
429666.0,AVG,vs RHP,HitterId,0.255
429666.0,OBP,vs RHP,HitterId,0.275
429666.0,OPS,vs RHP,HitterId,0.573
429666.0,SLG,vs RHP,HitterId,0.298
429667.0,AVG,vs RHP,HitterId,0.269
429667.0,OBP,vs RHP,HitterId,0.387
429667.0,OPS,vs RHP,HitterId,1.156
429667.0,SLG,vs RHP,HitterId,0.769
429719.0,AVG,vs LHH,PitcherId,0.207
429719.0,AVG,vs RHH,PitcherId,0.378
429719.0,OBP,vs LHH,PitcherId,0.361
429719.0,OBP,vs RHH,PitcherId,0.4
429719.0,OPS,vs LHH,PitcherId,0.706
429719.0,OPS,vs RHH,PitcherId,1.265
429719.0,SLG,vs LHH,PitcherId,0.345
429719.0,SLG,vs RHH,PitcherId,0.865
429722.0,AVG,vs LHH,PitcherId,0.194
429722.0,AVG,vs RHH,PitcherId,0.207
429722.0,OBP,vs LHH,PitcherId,0.286
429722.0,OBP,vs RHH,PitcherId,0.281
429722.0,OPS,vs LHH,PitcherId,0.564
429722.0,OPS,vs RHH,PitcherId,0.557
429722.0,SLG,vs LHH,PitcherId,0.278
429722.0,SLG,vs RHH,PitcherId,0.276
430832.0,AVG,vs RHP,HitterId,0.288
430832.0,OBP,vs RHP,HitterId,0.439
430832.0,OPS,vs RHP,HitterId,0.997
430832.0,SLG,vs RHP,HitterId,0.558
430935.0,AVG,vs RHH,PitcherId,0.294
430935.0,OBP,vs RHH,PitcherId,0.319
430935.0,OPS,vs RHH,PitcherId,0.819
430935.0,SLG,vs RHH,PitcherId,0.5
430945.0,AVG,vs RHP,HitterId,0.182
430945.0,OBP,vs RHP,HitterId,0.233
430945.0,OPS,vs RHP,HitterId,0.542
430945.0,SLG,vs RHP,HitterId,0.309
430947.0,AVG,vs RHP,HitterId,0.333
430947.0,OBP,vs RHP,HitterId,0.448
430947.0,OPS,vs RHP,HitterId,0.823
430947.0,SLG,vs RHP,HitterId,0.375
431145.0,AVG,vs RHP,HitterId,0.188
431145.0,OBP,vs RHP,HitterId,0.333
431145.0,OPS,vs RHP,HitterId,0.666
431145.0,SLG,vs RHP,HitterId,0.333
433587.0,AVG,vs LHH,PitcherId,0.261
433587.0,AVG,vs RHH,PitcherId,0.322
433587.0,OBP,vs LHH,PitcherId,0.357
433587.0,OBP,vs RHH,PitcherId,0.375
433587.0,OPS,vs LHH,PitcherId,0.922
433587.0,OPS,vs RHH,PitcherId,0.833
433587.0,SLG,vs LHH,PitcherId,0.565
433587.0,SLG,vs RHH,PitcherId,0.458
434158.0,AVG,vs RHP,HitterId,0.39
434158.0,OBP,vs RHP,HitterId,0.5
434158.0,OPS,vs RHP,HitterId,1.11
434158.0,SLG,vs RHP,HitterId,0.61
434378.0,AVG,vs LHH,PitcherId,0.091
434378.0,AVG,vs RHH,PitcherId,0.263
434378.0,OBP,vs LHH,PitcherId,0.2
434378.0,OBP,vs RHH,PitcherId,0.282
434378.0,OPS,vs LHH,PitcherId,0.345
434378.0,OPS,vs RHH,PitcherId,0.624
434378.0,SLG,vs LHH,PitcherId,0.145
434378.0,SLG,vs RHH,PitcherId,0.342
434538.0,AVG,vs RHH,PitcherId,0.214
434538.0,OBP,vs RHH,PitcherId,0.267
434538.0,OPS,vs RHH,PitcherId,0.553
434538.0,SLG,vs RHH,PitcherId,0.286
434622.0,AVG,vs LHH,PitcherId,0.174
434622.0,AVG,vs RHH,PitcherId,0.19
434622.0,OBP,vs LHH,PitcherId,0.231
434622.0,OBP,vs RHH,PitcherId,0.271
434622.0,OPS,vs LHH,PitcherId,0.448
434622.0,OPS,vs RHH,PitcherId,0.604
434622.0,SLG,vs LHH,PitcherId,0.217
434622.0,SLG,vs RHH,PitcherId,0.333
434636.0,AVG,vs RHP,HitterId,0.341
434636.0,OBP,vs RHP,HitterId,0.413
434636.0,OPS,vs RHP,HitterId,0.828
434636.0,SLG,vs RHP,HitterId,0.415
434670.0,AVG,vs RHP,HitterId,0.289
434670.0,OBP,vs RHP,HitterId,0.396
434670.0,OPS,vs RHP,HitterId,0.974
434670.0,SLG,vs RHP,HitterId,0.578
434778.0,AVG,vs RHP,HitterId,0.19
434778.0,OBP,vs RHP,HitterId,0.205
434778.0,OPS,vs RHP,HitterId,0.515
434778.0,SLG,vs RHP,HitterId,0.31
435062.0,AVG,vs LHP,HitterId,0.111
435062.0,AVG,vs RHP,HitterId,0.192
435062.0,OBP,vs LHP,HitterId,0.2
435062.0,OBP,vs RHP,HitterId,0.192
435062.0,OPS,vs LHP,HitterId,0.348
435062.0,OPS,vs RHP,HitterId,0.461
435062.0,SLG,vs LHP,HitterId,0.148
435062.0,SLG,vs RHP,HitterId,0.269
435063.0,AVG,vs RHP,HitterId,0.171
435063.0,OBP,vs RHP,HitterId,0.302
435063.0,OPS,vs RHP,HitterId,0.616
435063.0,SLG,vs RHP,HitterId,0.314
435079.0,AVG,vs RHP,HitterId,0.362
435079.0,OBP,vs RHP,HitterId,0.4
435079.0,OPS,vs RHP,HitterId,0.953
435079.0,SLG,vs RHP,HitterId,0.553
435263.0,AVG,vs RHP,HitterId,0.333
435263.0,OBP,vs RHP,HitterId,0.407
435263.0,OPS,vs RHP,HitterId,0.949
435263.0,SLG,vs RHP,HitterId,0.542
435622.0,AVG,vs RHP,HitterId,0.205
435622.0,OBP,vs RHP,HitterId,0.222
435622.0,OPS,vs RHP,HitterId,0.427
435622.0,SLG,vs RHP,HitterId,0.205
443558.0,AVG,vs RHP,HitterId,0.271
443558.0,OBP,vs RHP,HitterId,0.327
443558.0,OPS,vs RHP,HitterId,0.765
443558.0,SLG,vs RHP,HitterId,0.438
444379.0,AVG,vs RHP,HitterId,0.353
444379.0,OBP,vs RHP,HitterId,0.421
444379.0,OPS,vs RHP,HitterId,1.215
444379.0,SLG,vs RHP,HitterId,0.794
444432.0,AVG,vs RHP,HitterId,0.4
444432.0,OBP,vs RHP,HitterId,0.426
444432.0,OPS,vs RHP,HitterId,1.248
444432.0,SLG,vs RHP,HitterId,0.822
444876.0,AVG,vs RHP,HitterId,0.163
444876.0,OBP,vs RHP,HitterId,0.182
444876.0,OPS,vs RHP,HitterId,0.508
444876.0,SLG,vs RHP,HitterId,0.326
445055.0,AVG,vs RHP,HitterId,0.276
445055.0,OBP,vs RHP,HitterId,0.323
445055.0,OPS,vs RHP,HitterId,0.702
445055.0,SLG,vs RHP,HitterId,0.379
445060.0,AVG,vs LHH,PitcherId,0.182
445060.0,AVG,vs RHH,PitcherId,0.224
445060.0,OBP,vs LHH,PitcherId,0.28
445060.0,OBP,vs RHH,PitcherId,0.269
445060.0,OPS,vs LHH,PitcherId,0.462
445060.0,OPS,vs RHH,PitcherId,0.534
445060.0,SLG,vs LHH,PitcherId,0.182
445060.0,SLG,vs RHH,PitcherId,0.265
445988.0,AVG,vs RHP,HitterId,0.233
445988.0,OBP,vs RHP,HitterId,0.283
445988.0,OPS,vs RHP,HitterId,0.678
445988.0,SLG,vs RHP,HitterId,0.395
446308.0,AVG,vs RHP,HitterId,0.222
446308.0,OBP,vs RHP,HitterId,0.31
446308.0,OPS,vs RHP,HitterId,0.699
446308.0,SLG,vs RHP,HitterId,0.389
446321.0,AVG,vs RHH,PitcherId,0.375
446321.0,OBP,vs RHH,PitcherId,0.429
446321.0,OPS,vs RHH,PitcherId,0.96
446321.0,SLG,vs RHH,PitcherId,0.531
446334.0,AVG,vs RHP,HitterId,0.319
446334.0,OBP,vs RHP,HitterId,0.36
446334.0,OPS,vs RHP,HitterId,1.083
446334.0,SLG,vs RHP,HitterId,0.723
446372.0,AVG,vs LHH,PitcherId,0.32
446372.0,AVG,vs RHH,PitcherId,0.195
446372.0,OBP,vs LHH,PitcherId,0.37
446372.0,OBP,vs RHH,PitcherId,0.298
446372.0,OPS,vs LHH,PitcherId,0.73
446372.0,OPS,vs RHH,PitcherId,0.737
446372.0,SLG,vs LHH,PitcherId,0.36
446372.0,SLG,vs RHH,PitcherId,0.439
446481.0,AVG,vs RHP,HitterId,0.333
446481.0,OBP,vs RHP,HitterId,0.393
446481.0,OPS,vs RHP,HitterId,1.041
446481.0,SLG,vs RHP,HitterId,0.648
448179.0,AVG,vs RHH,PitcherId,0.196
448179.0,OBP,vs RHH,PitcherId,0.204
448179.0,OPS,vs RHH,PitcherId,0.537
448179.0,SLG,vs RHH,PitcherId,0.333
448306.0,AVG,vs LHH,PitcherId,0.278
448306.0,AVG,vs RHH,PitcherId,0.2
448306.0,OBP,vs LHH,PitcherId,0.339
448306.0,OBP,vs RHH,PitcherId,0.319
448306.0,OPS,vs LHH,PitcherId,0.765
448306.0,OPS,vs RHH,PitcherId,0.669
448306.0,SLG,vs LHH,PitcherId,0.426
448306.0,SLG,vs RHH,PitcherId,0.35
448801.0,AVG,vs LHP,HitterId,0.231
448801.0,AVG,vs RHP,HitterId,0.175
448801.0,OBP,vs LHP,HitterId,0.259
448801.0,OBP,vs RHP,HitterId,0.298
448801.0,OPS,vs LHP,HitterId,0.528
448801.0,OPS,vs RHP,HitterId,0.573
448801.0,SLG,vs LHP,HitterId,0.269
448801.0,SLG,vs RHP,HitterId,0.275
449181.0,AVG,vs RHP,HitterId,0.361
449181.0,OBP,vs RHP,HitterId,0.41
449181.0,OPS,vs RHP,HitterId,0.882
449181.0,SLG,vs RHP,HitterId,0.472
450172.0,AVG,vs LHH,PitcherId,0.283
450172.0,AVG,vs RHH,PitcherId,0.321
450172.0,OBP,vs LHH,PitcherId,0.414
450172.0,OBP,vs RHH,PitcherId,0.424
450172.0,OPS,vs LHH,PitcherId,0.914
450172.0,OPS,vs RHH,PitcherId,0.995
450172.0,SLG,vs LHH,PitcherId,0.5
450172.0,SLG,vs RHH,PitcherId,0.571
450306.0,AVG,vs RHH,PitcherId,0.158
450306.0,OBP,vs RHH,PitcherId,0.22
450306.0,OPS,vs RHH,PitcherId,0.431
450306.0,SLG,vs RHH,PitcherId,0.211
450308.0,AVG,vs RHH,PitcherId,0.179
450308.0,OBP,vs RHH,PitcherId,0.273
450308.0,OPS,vs RHH,PitcherId,0.529
450308.0,SLG,vs RHH,PitcherId,0.256
450314.0,AVG,vs RHP,HitterId,0.282
450314.0,OBP,vs RHP,HitterId,0.429
450314.0,OPS,vs RHP,HitterId,1.019
450314.0,SLG,vs RHP,HitterId,0.59
450729.0,AVG,vs LHH,PitcherId,0.462
450729.0,OBP,vs LHH,PitcherId,0.548
450729.0,OPS,vs LHH,PitcherId,1.471
450729.0,SLG,vs LHH,PitcherId,0.923
451594.0,AVG,vs RHP,HitterId,0.31
451594.0,OBP,vs RHP,HitterId,0.453
451594.0,OPS,vs RHP,HitterId,0.929
451594.0,SLG,vs RHP,HitterId,0.476
451596.0,AVG,vs LHH,PitcherId,0.182
451596.0,AVG,vs RHH,PitcherId,0.306
451596.0,OBP,vs LHH,PitcherId,0.286
451596.0,OBP,vs RHH,PitcherId,0.375
451596.0,OPS,vs LHH,PitcherId,0.559
451596.0,OPS,vs RHH,PitcherId,0.903
451596.0,SLG,vs LHH,PitcherId,0.273
451596.0,SLG,vs RHH,PitcherId,0.528
452095.0,AVG,vs RHP,HitterId,0.214
452095.0,OBP,vs RHP,HitterId,0.233
452095.0,OPS,vs RHP,HitterId,0.626
452095.0,SLG,vs RHP,HitterId,0.393
452220.0,AVG,vs RHP,HitterId,0.333
452220.0,OBP,vs RHP,HitterId,0.441
452220.0,OPS,vs RHP,HitterId,0.997
452220.0,SLG,vs RHP,HitterId,0.556
452234.0,AVG,vs RHP,HitterId,0.121
452234.0,OBP,vs RHP,HitterId,0.302
452234.0,OPS,vs RHP,HitterId,0.635
452234.0,SLG,vs RHP,HitterId,0.333
452252.0,AVG,vs RHP,HitterId,0.289
452252.0,OBP,vs RHP,HitterId,0.325
452252.0,OPS,vs RHP,HitterId,0.667
452252.0,SLG,vs RHP,HitterId,0.342
452254.0,AVG,vs RHP,HitterId,0.31
452254.0,OBP,vs RHP,HitterId,0.383
452254.0,OPS,vs RHP,HitterId,0.859
452254.0,SLG,vs RHP,HitterId,0.476
452655.0,AVG,vs RHP,HitterId,0.467
452655.0,OBP,vs RHP,HitterId,0.568
452655.0,OPS,vs RHP,HitterId,1.235
452655.0,SLG,vs RHP,HitterId,0.667
452657.0,AVG,vs RHH,PitcherId,0.222
452657.0,OBP,vs RHH,PitcherId,0.29
452657.0,OPS,vs RHH,PitcherId,0.66
452657.0,SLG,vs RHH,PitcherId,0.37
452678.0,AVG,vs RHP,HitterId,0.302
452678.0,OBP,vs RHP,HitterId,0.403
452678.0,OPS,vs RHP,HitterId,0.969
452678.0,SLG,vs RHP,HitterId,0.566
453056.0,AVG,vs LHP,HitterId,0.286
453056.0,AVG,vs RHP,HitterId,0.154
453056.0,OBP,vs LHP,HitterId,0.355
453056.0,OBP,vs RHP,HitterId,0.281
453056.0,OPS,vs LHP,HitterId,0.676
453056.0,OPS,vs RHP,HitterId,0.435
453056.0,SLG,vs LHP,HitterId,0.321
453056.0,SLG,vs RHP,HitterId,0.154
453064.0,AVG,vs RHP,HitterId,0.233
453064.0,OBP,vs RHP,HitterId,0.27
453064.0,OPS,vs RHP,HitterId,0.637
453064.0,SLG,vs RHP,HitterId,0.367
453178.0,AVG,vs LHH,PitcherId,0.293
453178.0,AVG,vs RHH,PitcherId,0.212
453178.0,OBP,vs LHH,PitcherId,0.373
453178.0,OBP,vs RHH,PitcherId,0.289
453178.0,OPS,vs LHH,PitcherId,0.873
453178.0,OPS,vs RHH,PitcherId,0.592
453178.0,SLG,vs LHH,PitcherId,0.5
453178.0,SLG,vs RHH,PitcherId,0.303
453192.0,AVG,vs RHH,PitcherId,0.107
453192.0,OBP,vs RHH,PitcherId,0.138
453192.0,OPS,vs RHH,PitcherId,0.317
453192.0,SLG,vs RHH,PitcherId,0.179
453281.0,AVG,vs RHH,PitcherId,0.13
453281.0,OBP,vs RHH,PitcherId,0.2
453281.0,OPS,vs RHH,PitcherId,0.417
453281.0,SLG,vs RHH,PitcherId,0.217
453286.0,AVG,vs LHH,PitcherId,0.351
453286.0,AVG,vs RHH,PitcherId,0.22
453286.0,OBP,vs LHH,PitcherId,0.409
453286.0,OBP,vs RHH,PitcherId,0.254
453286.0,OPS,vs LHH,PitcherId,1.112
453286.0,OPS,vs RHH,PitcherId,0.627
453286.0,SLG,vs LHH,PitcherId,0.703
453286.0,SLG,vs RHH,PitcherId,0.373
453329.0,AVG,vs LHH,PitcherId,0.171
453329.0,AVG,vs RHH,PitcherId,0.174
453329.0,OBP,vs LHH,PitcherId,0.271
453329.0,OBP,vs RHH,PitcherId,0.2
453329.0,OPS,vs LHH,PitcherId,0.491
453329.0,OPS,vs RHH,PitcherId,0.417
453329.0,SLG,vs LHH,PitcherId,0.22
453329.0,SLG,vs RHH,PitcherId,0.217
453385.0,AVG,vs RHH,PitcherId,0.283
453385.0,OBP,vs RHH,PitcherId,0.362
453385.0,OPS,vs RHH,PitcherId,0.745
453385.0,SLG,vs RHH,PitcherId,0.383
453562.0,AVG,vs LHH,PitcherId,0.429
453562.0,AVG,vs RHH,PitcherId,0.217
453562.0,OBP,vs LHH,PitcherId,0.556
453562.0,OBP,vs RHH,PitcherId,0.245
453562.0,OPS,vs LHH,PitcherId,1.223
453562.0,OPS,vs RHH,PitcherId,0.571
453562.0,SLG,vs LHH,PitcherId,0.667
453562.0,SLG,vs RHH,PitcherId,0.326
453568.0,AVG,vs LHP,HitterId,0.346
453568.0,AVG,vs RHP,HitterId,0.366
453568.0,OBP,vs LHP,HitterId,0.37
453568.0,OBP,vs RHP,HitterId,0.413
453568.0,OPS,vs LHP,HitterId,0.793
453568.0,OPS,vs RHP,HitterId,1.047
453568.0,SLG,vs LHP,HitterId,0.423
453568.0,SLG,vs RHP,HitterId,0.634
453943.0,AVG,vs RHP,HitterId,0.292
453943.0,OBP,vs RHP,HitterId,0.34
453943.0,OPS,vs RHP,HitterId,0.902
453943.0,SLG,vs RHP,HitterId,0.562
454975.0,AVG,vs RHP,HitterId,0.207
454975.0,OBP,vs RHP,HitterId,0.207
454975.0,OPS,vs RHP,HitterId,0.483
454975.0,SLG,vs RHP,HitterId,0.276
455976.0,AVG,vs RHP,HitterId,0.281
455976.0,OBP,vs RHP,HitterId,0.395
455976.0,OPS,vs RHP,HitterId,0.801
455976.0,SLG,vs RHP,HitterId,0.406
456030.0,AVG,vs RHP,HitterId,0.237
456030.0,OBP,vs RHP,HitterId,0.274
456030.0,OPS,vs RHP,HitterId,0.647
456030.0,SLG,vs RHP,HitterId,0.373
456034.0,AVG,vs LHH,PitcherId,0.375
456034.0,AVG,vs RHH,PitcherId,0.301
456034.0,OBP,vs LHH,PitcherId,0.346
456034.0,OBP,vs RHH,PitcherId,0.354
456034.0,OPS,vs LHH,PitcherId,0.929
456034.0,OPS,vs RHH,PitcherId,0.916
456034.0,SLG,vs LHH,PitcherId,0.583
456034.0,SLG,vs RHH,PitcherId,0.562
456068.0,AVG,vs LHH,PitcherId,0.231
456068.0,AVG,vs RHH,PitcherId,0.229
456068.0,OBP,vs LHH,PitcherId,0.238
456068.0,OBP,vs RHH,PitcherId,0.25
456068.0,OPS,vs LHH,PitcherId,0.571
456068.0,OPS,vs RHH,PitcherId,0.593
456068.0,SLG,vs LHH,PitcherId,0.333
456068.0,SLG,vs RHH,PitcherId,0.343
456078.0,AVG,vs RHP,HitterId,0.229
456078.0,OBP,vs RHP,HitterId,0.308
456078.0,OPS,vs RHP,HitterId,0.651
456078.0,SLG,vs RHP,HitterId,0.343
456167.0,AVG,vs RHH,PitcherId,0.45
456167.0,OBP,vs RHH,PitcherId,0.56
456167.0,OPS,vs RHH,PitcherId,1.36
456167.0,SLG,vs RHH,PitcherId,0.8
456422.0,AVG,vs RHP,HitterId,0.259
456422.0,OBP,vs RHP,HitterId,0.312
456422.0,OPS,vs RHP,HitterId,0.571
456422.0,SLG,vs RHP,HitterId,0.259
456488.0,AVG,vs RHP,HitterId,0.36
456488.0,OBP,vs RHP,HitterId,0.407
456488.0,OPS,vs RHP,HitterId,0.807
456488.0,SLG,vs RHP,HitterId,0.4
456501.0,AVG,vs LHH,PitcherId,0.26
456501.0,AVG,vs RHH,PitcherId,0.273
456501.0,OBP,vs LHH,PitcherId,0.315
456501.0,OBP,vs RHH,PitcherId,0.273
456501.0,OPS,vs LHH,PitcherId,0.675
456501.0,OPS,vs RHH,PitcherId,0.637
456501.0,SLG,vs LHH,PitcherId,0.36
456501.0,SLG,vs RHH,PitcherId,0.364
456714.0,AVG,vs LHP,HitterId,0.364
456714.0,OBP,vs LHP,HitterId,0.4
456714.0,OPS,vs LHP,HitterId,0.991
456714.0,SLG,vs LHP,HitterId,0.591
457705.0,AVG,vs RHP,HitterId,0.333
457705.0,OBP,vs RHP,HitterId,0.397
457705.0,OPS,vs RHP,HitterId,0.964
457705.0,SLG,vs RHP,HitterId,0.567
457708.0,AVG,vs RHP,HitterId,0.34
457708.0,OBP,vs RHP,HitterId,0.436
457708.0,OPS,vs RHP,HitterId,1.351
457708.0,SLG,vs RHP,HitterId,0.915
457727.0,AVG,vs RHP,HitterId,0.306
457727.0,OBP,vs RHP,HitterId,0.382
457727.0,OPS,vs RHP,HitterId,0.749
457727.0,SLG,vs RHP,HitterId,0.367
457759.0,AVG,vs LHP,HitterId,0.276
457759.0,AVG,vs RHP,HitterId,0.345
457759.0,OBP,vs LHP,HitterId,0.323
457759.0,OBP,vs RHP,HitterId,0.382
457759.0,OPS,vs LHP,HitterId,0.702
457759.0,OPS,vs RHP,HitterId,0.83
457759.0,SLG,vs LHP,HitterId,0.379
457759.0,SLG,vs RHP,HitterId,0.448
457763.0,AVG,vs RHP,HitterId,0.268
457763.0,OBP,vs RHP,HitterId,0.34
457763.0,OPS,vs RHP,HitterId,0.73
457763.0,SLG,vs RHP,HitterId,0.39
457787.0,AVG,vs RHP,HitterId,0.143
457787.0,OBP,vs RHP,HitterId,0.214
457787.0,OPS,vs RHP,HitterId,0.557
457787.0,SLG,vs RHP,HitterId,0.343
457803.0,AVG,vs RHP,HitterId,0.333
457803.0,OBP,vs RHP,HitterId,0.4
457803.0,OPS,vs RHP,HitterId,1.215
457803.0,SLG,vs RHP,HitterId,0.815
457918.0,AVG,vs LHH,PitcherId,0.28
457918.0,AVG,vs RHH,PitcherId,0.176
457918.0,OBP,vs LHH,PitcherId,0.333
457918.0,OBP,vs RHH,PitcherId,0.273
457918.0,OPS,vs LHH,PitcherId,0.733
457918.0,OPS,vs RHH,PitcherId,0.494
457918.0,SLG,vs LHH,PitcherId,0.4
457918.0,SLG,vs RHH,PitcherId,0.221
458015.0,AVG,vs RHP,HitterId,0.417
458015.0,OBP,vs RHP,HitterId,0.5
458015.0,OPS,vs RHP,HitterId,1.25
458015.0,SLG,vs RHP,HitterId,0.75
458085.0,AVG,vs RHP,HitterId,0.357
458085.0,OBP,vs RHP,HitterId,0.486
458085.0,OPS,vs RHP,HitterId,1.093
458085.0,SLG,vs RHP,HitterId,0.607
458708.0,AVG,vs LHH,PitcherId,0.182
458708.0,AVG,vs RHH,PitcherId,0.238
458708.0,OBP,vs LHH,PitcherId,0.171
458708.0,OBP,vs RHH,PitcherId,0.238
458708.0,OPS,vs LHH,PitcherId,0.444
458708.0,OPS,vs RHH,PitcherId,0.595
458708.0,SLG,vs LHH,PitcherId,0.273
458708.0,SLG,vs RHH,PitcherId,0.357
458731.0,AVG,vs LHP,HitterId,0.222
458731.0,AVG,vs RHP,HitterId,0.345
458731.0,OBP,vs LHP,HitterId,0.286
458731.0,OBP,vs RHP,HitterId,0.457
458731.0,OPS,vs LHP,HitterId,0.647
458731.0,OPS,vs RHP,HitterId,0.871
458731.0,SLG,vs LHP,HitterId,0.361
458731.0,SLG,vs RHP,HitterId,0.414
459431.0,AVG,vs RHP,HitterId,0.138
459431.0,OBP,vs RHP,HitterId,0.306
459431.0,OPS,vs RHP,HitterId,0.582
459431.0,SLG,vs RHP,HitterId,0.276
459964.0,AVG,vs RHP,HitterId,0.148
459964.0,OBP,vs RHP,HitterId,0.378
459964.0,OPS,vs RHP,HitterId,0.637
459964.0,SLG,vs RHP,HitterId,0.259
460060.0,AVG,vs RHP,HitterId,0.24
460060.0,OBP,vs RHP,HitterId,0.321
460060.0,OPS,vs RHP,HitterId,0.561
460060.0,SLG,vs RHP,HitterId,0.24
460075.0,AVG,vs RHP,HitterId,0.303
460075.0,OBP,vs RHP,HitterId,0.303
460075.0,OPS,vs RHP,HitterId,0.909
460075.0,SLG,vs RHP,HitterId,0.606
460086.0,AVG,vs RHP,HitterId,0.25
460086.0,OBP,vs RHP,HitterId,0.286
460086.0,OPS,vs RHP,HitterId,0.711
460086.0,SLG,vs RHP,HitterId,0.425
460576.0,AVG,vs RHP,HitterId,0.362
460576.0,OBP,vs RHP,HitterId,0.4
460576.0,OPS,vs RHP,HitterId,1.081
460576.0,SLG,vs RHP,HitterId,0.681
461235.0,AVG,vs RHP,HitterId,0.111
461235.0,OBP,vs RHP,HitterId,0.195
461235.0,OPS,vs RHP,HitterId,0.501
461235.0,SLG,vs RHP,HitterId,0.306
461314.0,AVG,vs RHP,HitterId,0.286
461314.0,OBP,vs RHP,HitterId,0.333
461314.0,OPS,vs RHP,HitterId,0.876
461314.0,SLG,vs RHP,HitterId,0.543
461829.0,AVG,vs RHH,PitcherId,0.326
461829.0,OBP,vs RHH,PitcherId,0.415
461829.0,OPS,vs RHH,PitcherId,0.806
461829.0,SLG,vs RHH,PitcherId,0.391
461865.0,AVG,vs RHP,HitterId,0.143
461865.0,OBP,vs RHP,HitterId,0.143
461865.0,OPS,vs RHP,HitterId,0.429
461865.0,SLG,vs RHP,HitterId,0.286
462101.0,AVG,vs RHP,HitterId,0.395
462101.0,OBP,vs RHP,HitterId,0.415
462101.0,OPS,vs RHP,HitterId,1.126
462101.0,SLG,vs RHP,HitterId,0.711
462136.0,AVG,vs LHH,PitcherId,0.146
462136.0,OBP,vs LHH,PitcherId,0.226
462136.0,OPS,vs LHH,PitcherId,0.455
462136.0,SLG,vs LHH,PitcherId,0.229
465041.0,AVG,vs RHP,HitterId,0.297
465041.0,OBP,vs RHP,HitterId,0.381
465041.0,OPS,vs RHP,HitterId,0.867
465041.0,SLG,vs RHP,HitterId,0.486
466320.0,AVG,vs RHP,HitterId,0.315
466320.0,OBP,vs RHP,HitterId,0.339
466320.0,OPS,vs RHP,HitterId,0.987
466320.0,SLG,vs RHP,HitterId,0.648
467092.0,AVG,vs RHP,HitterId,0.24
467092.0,OBP,vs RHP,HitterId,0.24
467092.0,OPS,vs RHP,HitterId,0.56
467092.0,SLG,vs RHP,HitterId,0.32
467100.0,AVG,vs RHH,PitcherId,0.324
467100.0,OBP,vs RHH,PitcherId,0.326
467100.0,OPS,vs RHH,PitcherId,0.704
467100.0,SLG,vs RHH,PitcherId,0.378
467793.0,AVG,vs RHP,HitterId,0.415
467793.0,OBP,vs RHP,HitterId,0.51
467793.0,OPS,vs RHP,HitterId,1.315
467793.0,SLG,vs RHP,HitterId,0.805
468504.0,AVG,vs LHH,PitcherId,0.083
468504.0,AVG,vs RHH,PitcherId,0.293
468504.0,OBP,vs LHH,PitcherId,0.12
468504.0,OBP,vs RHH,PitcherId,0.348
468504.0,OPS,vs LHH,PitcherId,0.328
468504.0,OPS,vs RHH,PitcherId,0.665
468504.0,SLG,vs LHH,PitcherId,0.208
468504.0,SLG,vs RHH,PitcherId,0.317
471083.0,AVG,vs RHP,HitterId,0.296
471083.0,OBP,vs RHP,HitterId,0.387
471083.0,OPS,vs RHP,HitterId,0.906
471083.0,SLG,vs RHP,HitterId,0.519
471865.0,AVG,vs RHP,HitterId,0.297
471865.0,OBP,vs RHP,HitterId,0.366
471865.0,OPS,vs RHP,HitterId,0.744
471865.0,SLG,vs RHP,HitterId,0.378
474443.0,AVG,vs RHP,HitterId,0.417
474443.0,OBP,vs RHP,HitterId,0.423
474443.0,OPS,vs RHP,HitterId,0.881
474443.0,SLG,vs RHP,HitterId,0.458
474568.0,AVG,vs RHP,HitterId,0.207
474568.0,OBP,vs RHP,HitterId,0.207
474568.0,OPS,vs RHP,HitterId,0.517
474568.0,SLG,vs RHP,HitterId,0.31
474832.0,AVG,vs LHP,HitterId,0.308
474832.0,AVG,vs RHP,HitterId,0.3
474832.0,OBP,vs LHP,HitterId,0.419
474832.0,OBP,vs RHP,HitterId,0.462
474832.0,OPS,vs LHP,HitterId,0.957
474832.0,OPS,vs RHP,HitterId,1.062
474832.0,SLG,vs LHP,HitterId,0.538
474832.0,SLG,vs RHP,HitterId,0.6
474892.0,AVG,vs RHP,HitterId,0.261
474892.0,OBP,vs RHP,HitterId,0.333
474892.0,OPS,vs RHP,HitterId,1.072
474892.0,SLG,vs RHP,HitterId,0.739
475174.0,AVG,vs RHP,HitterId,0.182
475174.0,OBP,vs RHP,HitterId,0.28
475174.0,OPS,vs RHP,HitterId,0.53
475174.0,SLG,vs RHP,HitterId,0.25
475582.0,AVG,vs RHP,HitterId,0.214
475582.0,OBP,vs RHP,HitterId,0.267
475582.0,OPS,vs RHP,HitterId,0.624
475582.0,SLG,vs RHP,HitterId,0.357
476451.0,AVG,vs LHH,PitcherId,0.184
476451.0,OBP,vs LHH,PitcherId,0.225
476451.0,OPS,vs LHH,PitcherId,0.488
476451.0,SLG,vs LHH,PitcherId,0.263
476883.0,AVG,vs RHP,HitterId,0.2
476883.0,OBP,vs RHP,HitterId,0.333
476883.0,OPS,vs RHP,HitterId,0.813
476883.0,SLG,vs RHP,HitterId,0.48
477132.0,AVG,vs RHH,PitcherId,0.222
477132.0,OBP,vs RHH,PitcherId,0.25
477132.0,OPS,vs RHH,PitcherId,0.561
477132.0,SLG,vs RHH,PitcherId,0.311
485567.0,AVG,vs RHP,HitterId,0.444
485567.0,OBP,vs RHP,HitterId,0.455
485567.0,OPS,vs RHP,HitterId,1.011
485567.0,SLG,vs RHP,HitterId,0.556
488768.0,AVG,vs LHH,PitcherId,0.32
488768.0,AVG,vs RHH,PitcherId,0.269
488768.0,OBP,vs LHH,PitcherId,0.433
488768.0,OBP,vs RHH,PitcherId,0.345
488768.0,OPS,vs LHH,PitcherId,1.033
488768.0,OPS,vs RHH,PitcherId,0.845
488768.0,SLG,vs LHH,PitcherId,0.6
488768.0,SLG,vs RHH,PitcherId,0.5
488771.0,AVG,vs RHP,HitterId,0.208
488771.0,OBP,vs RHP,HitterId,0.259
488771.0,OPS,vs RHP,HitterId,0.467
488771.0,SLG,vs RHP,HitterId,0.208
488862.0,AVG,vs RHP,HitterId,0.222
488862.0,OBP,vs RHP,HitterId,0.256
488862.0,OPS,vs RHP,HitterId,0.589
488862.0,SLG,vs RHP,HitterId,0.333
489119.0,AVG,vs RHH,PitcherId,0.27
489119.0,OBP,vs RHH,PitcherId,0.281
489119.0,OPS,vs RHH,PitcherId,0.662
489119.0,SLG,vs RHH,PitcherId,0.381
493114.0,AVG,vs RHP,HitterId,0.357
493114.0,OBP,vs RHP,HitterId,0.413
493114.0,OPS,vs RHP,HitterId,0.937
493114.0,SLG,vs RHP,HitterId,0.524
493316.0,AVG,vs RHP,HitterId,0.208
493316.0,OBP,vs RHP,HitterId,0.323
493316.0,OPS,vs RHP,HitterId,0.663
493316.0,SLG,vs RHP,HitterId,0.34
493329.0,AVG,vs RHP,HitterId,0.209
493329.0,OBP,vs RHP,HitterId,0.261
493329.0,OPS,vs RHP,HitterId,0.54
493329.0,SLG,vs RHP,HitterId,0.279
493351.0,AVG,vs RHP,HitterId,0.161
493351.0,OBP,vs RHP,HitterId,0.235
493351.0,OPS,vs RHP,HitterId,0.461
493351.0,SLG,vs RHP,HitterId,0.226
500779.0,AVG,vs RHH,PitcherId,0.306
500779.0,OBP,vs RHH,PitcherId,0.37
500779.0,OPS,vs RHH,PitcherId,0.839
500779.0,SLG,vs RHH,PitcherId,0.469
501381.0,AVG,vs RHH,PitcherId,0.22
501381.0,OBP,vs RHH,PitcherId,0.289
501381.0,OPS,vs RHH,PitcherId,0.801
501381.0,SLG,vs RHH,PitcherId,0.512
501896.0,AVG,vs RHP,HitterId,0.231
501896.0,OBP,vs RHP,HitterId,0.259
501896.0,OPS,vs RHP,HitterId,0.682
501896.0,SLG,vs RHP,HitterId,0.423
501957.0,AVG,vs RHH,PitcherId,0.267
501957.0,OBP,vs RHH,PitcherId,0.368
501957.0,OPS,vs RHH,PitcherId,0.901
501957.0,SLG,vs RHH,PitcherId,0.533
501981.0,AVG,vs RHP,HitterId,0.238
501981.0,OBP,vs RHP,HitterId,0.319
501981.0,OPS,vs RHP,HitterId,0.938
501981.0,SLG,vs RHP,HitterId,0.619
502042.0,AVG,vs LHH,PitcherId,0.262
502042.0,AVG,vs RHH,PitcherId,0.265
502042.0,OBP,vs LHH,PitcherId,0.311
502042.0,OBP,vs RHH,PitcherId,0.306
502042.0,OPS,vs LHH,PitcherId,0.882
502042.0,OPS,vs RHH,PitcherId,0.63
502042.0,SLG,vs LHH,PitcherId,0.571
502042.0,SLG,vs RHH,PitcherId,0.324
502043.0,AVG,vs LHH,PitcherId,0.265
502043.0,AVG,vs RHH,PitcherId,0.353
502043.0,OBP,vs LHH,PitcherId,0.405
502043.0,OBP,vs RHH,PitcherId,0.371
502043.0,OPS,vs LHH,PitcherId,0.729
502043.0,OPS,vs RHH,PitcherId,0.9
502043.0,SLG,vs LHH,PitcherId,0.324
502043.0,SLG,vs RHH,PitcherId,0.529
502082.0,AVG,vs RHP,HitterId,0.148
502082.0,OBP,vs RHP,HitterId,0.172
502082.0,OPS,vs RHP,HitterId,0.394
502082.0,SLG,vs RHP,HitterId,0.222
502110.0,AVG,vs RHP,HitterId,0.239
502110.0,OBP,vs RHP,HitterId,0.315
502110.0,OPS,vs RHP,HitterId,0.772
502110.0,SLG,vs RHP,HitterId,0.457
502143.0,AVG,vs RHP,HitterId,0.256
502143.0,OBP,vs RHP,HitterId,0.356
502143.0,OPS,vs RHP,HitterId,0.638
502143.0,SLG,vs RHP,HitterId,0.282
502188.0,AVG,vs LHH,PitcherId,0.289
502188.0,AVG,vs RHH,PitcherId,0.167
502188.0,OBP,vs LHH,PitcherId,0.341
502188.0,OBP,vs RHH,PitcherId,0.206
502188.0,OPS,vs LHH,PitcherId,0.762
502188.0,OPS,vs RHH,PitcherId,0.373
502188.0,SLG,vs LHH,PitcherId,0.421
502188.0,SLG,vs RHH,PitcherId,0.167
502190.0,AVG,vs LHH,PitcherId,0.29
502190.0,AVG,vs RHH,PitcherId,0.323
502190.0,OBP,vs LHH,PitcherId,0.371
502190.0,OBP,vs RHH,PitcherId,0.312
502190.0,OPS,vs LHH,PitcherId,0.79
502190.0,OPS,vs RHH,PitcherId,0.635
502190.0,SLG,vs LHH,PitcherId,0.419
502190.0,SLG,vs RHH,PitcherId,0.323
502210.0,AVG,vs RHP,HitterId,0.375
502210.0,OBP,vs RHP,HitterId,0.444
502210.0,OPS,vs RHP,HitterId,0.975
502210.0,SLG,vs RHP,HitterId,0.531
502327.0,AVG,vs RHH,PitcherId,0.26
502327.0,OBP,vs RHH,PitcherId,0.318
502327.0,OPS,vs RHH,PitcherId,0.812
502327.0,SLG,vs RHH,PitcherId,0.494
502481.0,AVG,vs RHP,HitterId,0.368
502481.0,OBP,vs RHP,HitterId,0.39
502481.0,OPS,vs RHP,HitterId,0.916
502481.0,SLG,vs RHP,HitterId,0.526
502624.0,AVG,vs LHH,PitcherId,0.2
502624.0,AVG,vs RHH,PitcherId,0.316
502624.0,OBP,vs LHH,PitcherId,0.259
502624.0,OBP,vs RHH,PitcherId,0.381
502624.0,OPS,vs LHH,PitcherId,0.579
502624.0,OPS,vs RHH,PitcherId,0.986
502624.0,SLG,vs LHH,PitcherId,0.32
502624.0,SLG,vs RHH,PitcherId,0.605
502671.0,AVG,vs RHP,HitterId,0.224
502671.0,OBP,vs RHP,HitterId,0.278
502671.0,OPS,vs RHP,HitterId,0.768
502671.0,SLG,vs RHP,HitterId,0.49
502706.0,AVG,vs RHH,PitcherId,0.261
502706.0,OBP,vs RHH,PitcherId,0.32
502706.0,OPS,vs RHH,PitcherId,0.711
502706.0,SLG,vs RHH,PitcherId,0.391
502748.0,AVG,vs RHH,PitcherId,0.206
502748.0,OBP,vs RHH,PitcherId,0.289
502748.0,OPS,vs RHH,PitcherId,0.73
502748.0,SLG,vs RHH,PitcherId,0.441
503449.0,AVG,vs LHH,PitcherId,0.293
503449.0,AVG,vs RHH,PitcherId,0.269
503449.0,OBP,vs LHH,PitcherId,0.318
503449.0,OBP,vs RHH,PitcherId,0.321
503449.0,OPS,vs LHH,PitcherId,0.684
503449.0,OPS,vs RHH,PitcherId,0.629
503449.0,SLG,vs LHH,PitcherId,0.366
503449.0,SLG,vs RHH,PitcherId,0.308
503556.0,AVG,vs RHP,HitterId,0.293
503556.0,OBP,vs RHP,HitterId,0.348
503556.0,OPS,vs RHP,HitterId,0.738
503556.0,SLG,vs RHP,HitterId,0.39
504379.0,AVG,vs RHH,PitcherId,0.296
504379.0,OBP,vs RHH,PitcherId,0.296
504379.0,OPS,vs RHH,PitcherId,0.703
504379.0,SLG,vs RHH,PitcherId,0.407
506433.0,AVG,vs LHH,PitcherId,0.167
506433.0,AVG,vs RHH,PitcherId,0.194
506433.0,OBP,vs LHH,PitcherId,0.225
506433.0,OBP,vs RHH,PitcherId,0.265
506433.0,OPS,vs LHH,PitcherId,0.475
506433.0,OPS,vs RHH,PitcherId,0.588
506433.0,SLG,vs LHH,PitcherId,0.25
506433.0,SLG,vs RHH,PitcherId,0.323
506702.0,AVG,vs RHP,HitterId,0.114
506702.0,OBP,vs RHP,HitterId,0.184
506702.0,OPS,vs RHP,HitterId,0.327
506702.0,SLG,vs RHP,HitterId,0.143
514888.0,AVG,vs RHP,HitterId,0.373
514888.0,OBP,vs RHP,HitterId,0.407
514888.0,OPS,vs RHP,HitterId,0.838
514888.0,SLG,vs RHP,HitterId,0.431
514917.0,AVG,vs RHP,HitterId,0.288
514917.0,OBP,vs RHP,HitterId,0.409
514917.0,OPS,vs RHP,HitterId,0.736
514917.0,SLG,vs RHP,HitterId,0.327
516416.0,AVG,vs RHP,HitterId,0.356
516416.0,OBP,vs RHP,HitterId,0.431
516416.0,OPS,vs RHP,HitterId,1.187
516416.0,SLG,vs RHP,HitterId,0.756
518452.0,AVG,vs LHH,PitcherId,0.237
518452.0,AVG,vs RHH,PitcherId,0.414
518452.0,OBP,vs LHH,PitcherId,0.319
518452.0,OBP,vs RHH,PitcherId,0.469
518452.0,OPS,vs LHH,PitcherId,0.608
518452.0,OPS,vs RHH,PitcherId,1.228
518452.0,SLG,vs LHH,PitcherId,0.289
518452.0,SLG,vs RHH,PitcherId,0.759
518516.0,AVG,vs RHH,PitcherId,0.245
518516.0,OBP,vs RHH,PitcherId,0.298
518516.0,OPS,vs RHH,PitcherId,0.77
518516.0,SLG,vs RHH,PitcherId,0.472
518560.0,AVG,vs RHH,PitcherId,0.184
518560.0,OBP,vs RHH,PitcherId,0.244
518560.0,OPS,vs RHH,PitcherId,0.533
518560.0,SLG,vs RHH,PitcherId,0.289
518567.0,AVG,vs LHH,PitcherId,0.154
518567.0,AVG,vs RHH,PitcherId,0.262
518567.0,OBP,vs LHH,PitcherId,0.226
518567.0,OBP,vs RHH,PitcherId,0.311
518567.0,OPS,vs LHH,PitcherId,0.495
518567.0,OPS,vs RHH,PitcherId,0.787
518567.0,SLG,vs LHH,PitcherId,0.269
518567.0,SLG,vs RHH,PitcherId,0.476
518614.0,AVG,vs RHP,HitterId,0.281
518614.0,OBP,vs RHP,HitterId,0.281
518614.0,OPS,vs RHP,HitterId,0.656
518614.0,SLG,vs RHP,HitterId,0.375
518618.0,AVG,vs RHP,HitterId,0.381
518618.0,OBP,vs RHP,HitterId,0.519
518618.0,OPS,vs RHP,HitterId,1.424
518618.0,SLG,vs RHP,HitterId,0.905
518626.0,AVG,vs RHP,HitterId,0.333
518626.0,OBP,vs RHP,HitterId,0.485
518626.0,OPS,vs RHP,HitterId,1.11
518626.0,SLG,vs RHP,HitterId,0.625
518633.0,AVG,vs RHH,PitcherId,0.328
518633.0,OBP,vs RHH,PitcherId,0.406
518633.0,OPS,vs RHH,PitcherId,1.062
518633.0,SLG,vs RHH,PitcherId,0.656
518649.0,AVG,vs RHP,HitterId,0.065
518649.0,OBP,vs RHP,HitterId,0.121
518649.0,OPS,vs RHP,HitterId,0.218
518649.0,SLG,vs RHP,HitterId,0.097
518692.0,AVG,vs RHP,HitterId,0.3
518692.0,OBP,vs RHP,HitterId,0.421
518692.0,OPS,vs RHP,HitterId,1.054
518692.0,SLG,vs RHP,HitterId,0.633
518716.0,AVG,vs RHH,PitcherId,0.25
518716.0,OBP,vs RHH,PitcherId,0.24
518716.0,OPS,vs RHH,PitcherId,0.573
518716.0,SLG,vs RHH,PitcherId,0.333
518735.0,AVG,vs RHP,HitterId,0.318
518735.0,OBP,vs RHP,HitterId,0.423
518735.0,OPS,vs RHP,HitterId,0.923
518735.0,SLG,vs RHP,HitterId,0.5
518792.0,AVG,vs RHP,HitterId,0.316
518792.0,OBP,vs RHP,HitterId,0.4
518792.0,OPS,vs RHP,HitterId,0.926
518792.0,SLG,vs RHP,HitterId,0.526
518934.0,AVG,vs RHP,HitterId,0.429
518934.0,OBP,vs RHP,HitterId,0.48
518934.0,OPS,vs RHP,HitterId,1.004
518934.0,SLG,vs RHP,HitterId,0.524
518960.0,AVG,vs RHP,HitterId,0.216
518960.0,OBP,vs RHP,HitterId,0.293
518960.0,OPS,vs RHP,HitterId,0.671
518960.0,SLG,vs RHP,HitterId,0.378
519043.0,AVG,vs LHH,PitcherId,0.214
519043.0,AVG,vs RHH,PitcherId,0.304
519043.0,OBP,vs LHH,PitcherId,0.214
519043.0,OBP,vs RHH,PitcherId,0.375
519043.0,OPS,vs LHH,PitcherId,0.464
519043.0,OPS,vs RHH,PitcherId,0.75
519043.0,SLG,vs LHH,PitcherId,0.25
519043.0,SLG,vs RHH,PitcherId,0.375
519048.0,AVG,vs RHP,HitterId,0.081
519048.0,OBP,vs RHP,HitterId,0.105
519048.0,OPS,vs RHP,HitterId,0.186
519048.0,SLG,vs RHP,HitterId,0.081
519076.0,AVG,vs LHH,PitcherId,0.273
519076.0,AVG,vs RHH,PitcherId,0.273
519076.0,OBP,vs LHH,PitcherId,0.351
519076.0,OBP,vs RHH,PitcherId,0.351
519076.0,OPS,vs LHH,PitcherId,0.654
519076.0,OPS,vs RHH,PitcherId,1.018
519076.0,SLG,vs LHH,PitcherId,0.303
519076.0,SLG,vs RHH,PitcherId,0.667
519083.0,AVG,vs RHP,HitterId,0.208
519083.0,OBP,vs RHP,HitterId,0.24
519083.0,OPS,vs RHP,HitterId,0.49
519083.0,SLG,vs RHP,HitterId,0.25
519141.0,AVG,vs RHH,PitcherId,0.25
519141.0,OBP,vs RHH,PitcherId,0.308
519141.0,OPS,vs RHH,PitcherId,0.85
519141.0,SLG,vs RHH,PitcherId,0.542
519144.0,AVG,vs LHH,PitcherId,0.281
519144.0,AVG,vs RHH,PitcherId,0.216
519144.0,OBP,vs LHH,PitcherId,0.303
519144.0,OBP,vs RHH,PitcherId,0.255
519144.0,OPS,vs LHH,PitcherId,0.647
519144.0,OPS,vs RHH,PitcherId,0.628
519144.0,SLG,vs LHH,PitcherId,0.344
519144.0,SLG,vs RHH,PitcherId,0.373
519203.0,AVG,vs RHP,HitterId,0.298
519203.0,OBP,vs RHP,HitterId,0.353
519203.0,OPS,vs RHP,HitterId,0.821
519203.0,SLG,vs RHP,HitterId,0.468
519237.0,AVG,vs RHP,HitterId,0.195
519237.0,OBP,vs RHP,HitterId,0.227
519237.0,OPS,vs RHP,HitterId,0.568
519237.0,SLG,vs RHP,HitterId,0.341
519242.0,AVG,vs RHH,PitcherId,0.287
519242.0,OBP,vs RHH,PitcherId,0.323
519242.0,OPS,vs RHH,PitcherId,0.863
519242.0,SLG,vs RHH,PitcherId,0.54
519295.0,AVG,vs RHP,HitterId,0.172
519295.0,OBP,vs RHP,HitterId,0.2
519295.0,OPS,vs RHP,HitterId,0.372
519295.0,SLG,vs RHP,HitterId,0.172
519317.0,AVG,vs RHP,HitterId,0.185
519317.0,OBP,vs RHP,HitterId,0.267
519317.0,OPS,vs RHP,HitterId,0.711
519317.0,SLG,vs RHP,HitterId,0.444
519390.0,AVG,vs RHP,HitterId,0.244
519390.0,OBP,vs RHP,HitterId,0.333
519390.0,OPS,vs RHP,HitterId,0.844
519390.0,SLG,vs RHP,HitterId,0.511
520471.0,AVG,vs RHP,HitterId,0.245
520471.0,OBP,vs RHP,HitterId,0.288
520471.0,OPS,vs RHP,HitterId,0.635
520471.0,SLG,vs RHP,HitterId,0.347
521692.0,AVG,vs RHP,HitterId,0.194
521692.0,OBP,vs RHP,HitterId,0.219
521692.0,OPS,vs RHP,HitterId,0.574
521692.0,SLG,vs RHP,HitterId,0.355
523253.0,AVG,vs RHP,HitterId,0.2
523253.0,OBP,vs RHP,HitterId,0.273
523253.0,OPS,vs RHP,HitterId,0.613
523253.0,SLG,vs RHP,HitterId,0.34
527043.0,AVG,vs RHP,HitterId,0.269
527043.0,OBP,vs RHP,HitterId,0.387
527043.0,OPS,vs RHP,HitterId,1.118
527043.0,SLG,vs RHP,HitterId,0.731
527048.0,AVG,vs RHH,PitcherId,0.308
527048.0,OBP,vs RHH,PitcherId,0.352
527048.0,OPS,vs RHH,PitcherId,0.86
527048.0,SLG,vs RHH,PitcherId,0.508
527054.0,AVG,vs LHH,PitcherId,0.379
527054.0,AVG,vs RHH,PitcherId,0.163
527054.0,OBP,vs LHH,PitcherId,0.419
527054.0,OBP,vs RHH,PitcherId,0.217
527054.0,OPS,vs LHH,PitcherId,1.074
527054.0,OPS,vs RHH,PitcherId,0.426
527054.0,SLG,vs LHH,PitcherId,0.655
527054.0,SLG,vs RHH,PitcherId,0.209
532077.0,AVG,vs LHH,PitcherId,0.308
532077.0,OBP,vs LHH,PitcherId,0.333
532077.0,OPS,vs LHH,PitcherId,0.871
532077.0,SLG,vs LHH,PitcherId,0.538
534737.0,AVG,vs RHH,PitcherId,0.25
534737.0,OBP,vs RHH,PitcherId,0.3
534737.0,OPS,vs RHH,PitcherId,0.586
534737.0,SLG,vs RHH,PitcherId,0.286
534947.0,AVG,vs LHH,PitcherId,0.25
534947.0,AVG,vs RHH,PitcherId,0.194
534947.0,OBP,vs LHH,PitcherId,0.27
534947.0,OBP,vs RHH,PitcherId,0.235
534947.0,OPS,vs LHH,PitcherId,0.576
534947.0,OPS,vs RHH,PitcherId,0.719
534947.0,SLG,vs LHH,PitcherId,0.306
534947.0,SLG,vs RHH,PitcherId,0.484
541645.0,AVG,vs RHP,HitterId,0.207
541645.0,OBP,vs RHP,HitterId,0.303
541645.0,OPS,vs RHP,HitterId,0.717
541645.0,SLG,vs RHP,HitterId,0.414
541650.0,AVG,vs RHP,HitterId,0.214
541650.0,OBP,vs RHP,HitterId,0.267
541650.0,OPS,vs RHP,HitterId,0.529
541650.0,SLG,vs RHP,HitterId,0.262
542255.0,AVG,vs RHP,HitterId,0.256
542255.0,OBP,vs RHP,HitterId,0.333
542255.0,OPS,vs RHP,HitterId,0.641
542255.0,SLG,vs RHP,HitterId,0.308
542303.0,AVG,vs RHP,HitterId,0.227
542303.0,OBP,vs RHP,HitterId,0.3
542303.0,OPS,vs RHP,HitterId,0.573
542303.0,SLG,vs RHP,HitterId,0.273
542340.0,AVG,vs RHP,HitterId,0.243
542340.0,OBP,vs RHP,HitterId,0.404
542340.0,OPS,vs RHP,HitterId,0.755
542340.0,SLG,vs RHP,HitterId,0.351
542364.0,AVG,vs RHP,HitterId,0.344
542364.0,OBP,vs RHP,HitterId,0.425
542364.0,OPS,vs RHP,HitterId,0.863
542364.0,SLG,vs RHP,HitterId,0.438
542436.0,AVG,vs RHP,HitterId,0.2
542436.0,OBP,vs RHP,HitterId,0.231
542436.0,OPS,vs RHP,HitterId,0.431
542436.0,SLG,vs RHP,HitterId,0.2
542881.0,AVG,vs RHH,PitcherId,0.317
542881.0,OBP,vs RHH,PitcherId,0.356
542881.0,OPS,vs RHH,PitcherId,0.868
542881.0,SLG,vs RHH,PitcherId,0.512
542882.0,AVG,vs LHH,PitcherId,0.241
542882.0,AVG,vs RHH,PitcherId,0.294
542882.0,OBP,vs LHH,PitcherId,0.233
542882.0,OBP,vs RHH,PitcherId,0.324
542882.0,OPS,vs LHH,PitcherId,0.716
542882.0,OPS,vs RHH,PitcherId,0.677
542882.0,SLG,vs LHH,PitcherId,0.483
542882.0,SLG,vs RHH,PitcherId,0.353
543022.0,AVG,vs LHH,PitcherId,0.261
543022.0,OBP,vs LHH,PitcherId,0.393
543022.0,OPS,vs LHH,PitcherId,0.85
543022.0,SLG,vs LHH,PitcherId,0.457
543063.0,AVG,vs RHP,HitterId,0.355
543063.0,OBP,vs RHP,HitterId,0.429
543063.0,OPS,vs RHP,HitterId,0.913
543063.0,SLG,vs RHP,HitterId,0.484
543068.0,AVG,vs RHP,HitterId,0.267
543068.0,OBP,vs RHP,HitterId,0.314
543068.0,OPS,vs RHP,HitterId,0.692
543068.0,SLG,vs RHP,HitterId,0.378
543101.0,AVG,vs LHH,PitcherId,0.167
543101.0,AVG,vs RHH,PitcherId,0.333
543101.0,OBP,vs LHH,PitcherId,0.259
543101.0,OBP,vs RHH,PitcherId,0.404
543101.0,OPS,vs LHH,PitcherId,0.467
543101.0,OPS,vs RHH,PitcherId,0.928
543101.0,SLG,vs LHH,PitcherId,0.208
543101.0,SLG,vs RHH,PitcherId,0.524
543105.0,AVG,vs RHP,HitterId,0.32
543105.0,OBP,vs RHP,HitterId,0.452
543105.0,OPS,vs RHP,HitterId,1.052
543105.0,SLG,vs RHP,HitterId,0.6
543184.0,AVG,vs RHH,PitcherId,0.246
543184.0,OBP,vs RHH,PitcherId,0.283
543184.0,OPS,vs RHH,PitcherId,0.669
543184.0,SLG,vs RHH,PitcherId,0.386
543257.0,AVG,vs RHP,HitterId,0.462
543257.0,OBP,vs RHP,HitterId,0.548
543257.0,OPS,vs RHP,HitterId,1.048
543257.0,SLG,vs RHP,HitterId,0.5
543272.0,AVG,vs RHH,PitcherId,0.192
543272.0,OBP,vs RHH,PitcherId,0.25
543272.0,OPS,vs RHH,PitcherId,0.635
543272.0,SLG,vs RHH,PitcherId,0.385
543294.0,AVG,vs RHH,PitcherId,0.304
543294.0,OBP,vs RHH,PitcherId,0.319
543294.0,OPS,vs RHH,PitcherId,0.689
543294.0,SLG,vs RHH,PitcherId,0.37
543333.0,AVG,vs RHP,HitterId,0.212
543333.0,OBP,vs RHP,HitterId,0.235
543333.0,OPS,vs RHP,HitterId,0.629
543333.0,SLG,vs RHP,HitterId,0.394
543401.0,AVG,vs RHP,HitterId,0.294
543401.0,OBP,vs RHP,HitterId,0.39
543401.0,OPS,vs RHP,HitterId,0.861
543401.0,SLG,vs RHP,HitterId,0.471
543408.0,AVG,vs LHH,PitcherId,0.222
543408.0,AVG,vs RHH,PitcherId,0.333
543408.0,OBP,vs LHH,PitcherId,0.408
543408.0,OBP,vs RHH,PitcherId,0.393
543408.0,OPS,vs LHH,PitcherId,0.797
543408.0,OPS,vs RHH,PitcherId,1.101
543408.0,SLG,vs LHH,PitcherId,0.389
543408.0,SLG,vs RHH,PitcherId,0.708
543484.0,AVG,vs RHP,HitterId,0.158
543484.0,OBP,vs RHP,HitterId,0.158
543484.0,OPS,vs RHP,HitterId,0.395
543484.0,SLG,vs RHP,HitterId,0.237
543510.0,AVG,vs RHP,HitterId,0.2
543510.0,OBP,vs RHP,HitterId,0.25
543510.0,OPS,vs RHP,HitterId,0.517
543510.0,SLG,vs RHP,HitterId,0.267
543521.0,AVG,vs LHH,PitcherId,0.228
543521.0,AVG,vs RHH,PitcherId,0.1
543521.0,OBP,vs LHH,PitcherId,0.302
543521.0,OBP,vs RHH,PitcherId,0.163
543521.0,OPS,vs LHH,PitcherId,0.67
543521.0,OPS,vs RHH,PitcherId,0.288
543521.0,SLG,vs LHH,PitcherId,0.368
543521.0,SLG,vs RHH,PitcherId,0.125
543542.0,AVG,vs RHH,PitcherId,0.189
543542.0,OBP,vs RHH,PitcherId,0.286
543542.0,OPS,vs RHH,PitcherId,0.583
543542.0,SLG,vs RHH,PitcherId,0.297
543543.0,AVG,vs RHP,HitterId,0.225
543543.0,OBP,vs RHP,HitterId,0.279
543543.0,OPS,vs RHP,HitterId,0.779
543543.0,SLG,vs RHP,HitterId,0.5
543557.0,AVG,vs RHH,PitcherId,0.219
543557.0,OBP,vs RHH,PitcherId,0.306
543557.0,OPS,vs RHH,PitcherId,0.712
543557.0,SLG,vs RHH,PitcherId,0.406
543606.0,AVG,vs LHH,PitcherId,0.083
543606.0,AVG,vs RHH,PitcherId,0.312
543606.0,OBP,vs LHH,PitcherId,0.154
543606.0,OBP,vs RHH,PitcherId,0.353
543606.0,OPS,vs LHH,PitcherId,0.237
543606.0,OPS,vs RHH,PitcherId,1.009
543606.0,SLG,vs LHH,PitcherId,0.083
543606.0,SLG,vs RHH,PitcherId,0.656
543685.0,AVG,vs RHP,HitterId,0.22
543685.0,OBP,vs RHP,HitterId,0.267
543685.0,OPS,vs RHP,HitterId,0.657
543685.0,SLG,vs RHP,HitterId,0.39
543699.0,AVG,vs RHH,PitcherId,0.182
543699.0,OBP,vs RHH,PitcherId,0.25
543699.0,OPS,vs RHH,PitcherId,0.636
543699.0,SLG,vs RHH,PitcherId,0.386
543760.0,AVG,vs RHP,HitterId,0.298
543760.0,OBP,vs RHP,HitterId,0.377
543760.0,OPS,vs RHP,HitterId,0.888
543760.0,SLG,vs RHP,HitterId,0.511
543768.0,AVG,vs RHP,HitterId,0.071
543768.0,OBP,vs RHP,HitterId,0.129
543768.0,OPS,vs RHP,HitterId,0.236
543768.0,SLG,vs RHP,HitterId,0.107
543807.0,AVG,vs RHP,HitterId,0.333
543807.0,OBP,vs RHP,HitterId,0.385
543807.0,OPS,vs RHP,HitterId,0.802
543807.0,SLG,vs RHP,HitterId,0.417
543829.0,AVG,vs RHP,HitterId,0.3
543829.0,OBP,vs RHP,HitterId,0.345
543829.0,OPS,vs RHP,HitterId,0.765
543829.0,SLG,vs RHP,HitterId,0.42
544369.0,AVG,vs LHP,HitterId,0.393
544369.0,AVG,vs RHP,HitterId,0.226
544369.0,OBP,vs LHP,HitterId,0.414
544369.0,OBP,vs RHP,HitterId,0.265
544369.0,OPS,vs LHP,HitterId,0.95
544369.0,OPS,vs RHP,HitterId,0.62
544369.0,SLG,vs LHP,HitterId,0.536
544369.0,SLG,vs RHP,HitterId,0.355
544725.0,AVG,vs RHP,HitterId,0.258
544725.0,OBP,vs RHP,HitterId,0.303
544725.0,OPS,vs RHP,HitterId,0.755
544725.0,SLG,vs RHP,HitterId,0.452
545333.0,AVG,vs LHH,PitcherId,0.176
545333.0,AVG,vs RHH,PitcherId,0.405
545333.0,OBP,vs LHH,PitcherId,0.222
545333.0,OBP,vs RHH,PitcherId,0.48
545333.0,OPS,vs LHH,PitcherId,0.546
545333.0,OPS,vs RHH,PitcherId,1.17
545333.0,SLG,vs LHH,PitcherId,0.324
545333.0,SLG,vs RHH,PitcherId,0.69
545341.0,AVG,vs RHP,HitterId,0.224
545341.0,OBP,vs RHP,HitterId,0.224
545341.0,OPS,vs RHP,HitterId,0.551
545341.0,SLG,vs RHP,HitterId,0.327
545350.0,AVG,vs RHP,HitterId,0.167
545350.0,OBP,vs RHP,HitterId,0.265
545350.0,OPS,vs RHP,HitterId,0.498
545350.0,SLG,vs RHP,HitterId,0.233
545361.0,AVG,vs RHP,HitterId,0.231
545361.0,OBP,vs RHP,HitterId,0.455
545361.0,OPS,vs RHP,HitterId,0.737
545361.0,SLG,vs RHP,HitterId,0.282
546318.0,AVG,vs RHP,HitterId,0.392
546318.0,OBP,vs RHP,HitterId,0.415
546318.0,OPS,vs RHP,HitterId,1.023
546318.0,SLG,vs RHP,HitterId,0.608
547180.0,AVG,vs RHP,HitterId,0.226
547180.0,OBP,vs RHP,HitterId,0.324
547180.0,OPS,vs RHP,HitterId,0.679
547180.0,SLG,vs RHP,HitterId,0.355
547379.0,AVG,vs RHP,HitterId,0.125
547379.0,OBP,vs RHP,HitterId,0.219
547379.0,OPS,vs RHP,HitterId,0.344
547379.0,SLG,vs RHP,HitterId,0.125
547874.0,AVG,vs RHH,PitcherId,0.361
547874.0,OBP,vs RHH,PitcherId,0.425
547874.0,OPS,vs RHH,PitcherId,0.953
547874.0,SLG,vs RHH,PitcherId,0.528
547888.0,AVG,vs LHH,PitcherId,0.304
547888.0,AVG,vs RHH,PitcherId,0.16
547888.0,OBP,vs LHH,PitcherId,0.37
547888.0,OBP,vs RHH,PitcherId,0.222
547888.0,OPS,vs LHH,PitcherId,1.066
547888.0,OPS,vs RHH,PitcherId,0.622
547888.0,SLG,vs LHH,PitcherId,0.696
547888.0,SLG,vs RHH,PitcherId,0.4
547957.0,AVG,vs RHP,HitterId,0.256
547957.0,OBP,vs RHP,HitterId,0.333
547957.0,OPS,vs RHP,HitterId,0.743
547957.0,SLG,vs RHP,HitterId,0.41
547982.0,AVG,vs RHP,HitterId,0.244
547982.0,OBP,vs RHP,HitterId,0.292
547982.0,OPS,vs RHP,HitterId,0.603
547982.0,SLG,vs RHP,HitterId,0.311
547989.0,AVG,vs RHP,HitterId,0.26
547989.0,OBP,vs RHP,HitterId,0.327
547989.0,OPS,vs RHP,HitterId,0.747
547989.0,SLG,vs RHP,HitterId,0.42
548389.0,AVG,vs RHH,PitcherId,0.192
548389.0,OBP,vs RHH,PitcherId,0.29
548389.0,OPS,vs RHH,PitcherId,0.559
548389.0,SLG,vs RHH,PitcherId,0.269
553993.0,AVG,vs RHP,HitterId,0.234
553993.0,OBP,vs RHP,HitterId,0.321
553993.0,OPS,vs RHP,HitterId,0.598
553993.0,SLG,vs RHP,HitterId,0.277
570256.0,AVG,vs RHP,HitterId,0.233
570256.0,OBP,vs RHP,HitterId,0.283
570256.0,OPS,vs RHP,HitterId,0.609
570256.0,SLG,vs RHP,HitterId,0.326
570267.0,AVG,vs RHP,HitterId,0.239
570267.0,OBP,vs RHP,HitterId,0.3
570267.0,OPS,vs RHP,HitterId,0.8
570267.0,SLG,vs RHP,HitterId,0.5
570560.0,AVG,vs RHP,HitterId,0.308
570560.0,OBP,vs RHP,HitterId,0.317
570560.0,OPS,vs RHP,HitterId,0.932
570560.0,SLG,vs RHP,HitterId,0.615
570632.0,AVG,vs LHH,PitcherId,0.36
570632.0,OBP,vs LHH,PitcherId,0.467
570632.0,OPS,vs LHH,PitcherId,1.227
570632.0,SLG,vs LHH,PitcherId,0.76
570649.0,AVG,vs LHH,PitcherId,0.25
570649.0,AVG,vs RHH,PitcherId,0.395
570649.0,OBP,vs LHH,PitcherId,0.279
570649.0,OBP,vs RHH,PitcherId,0.465
570649.0,OPS,vs LHH,PitcherId,0.779
570649.0,OPS,vs RHH,PitcherId,1.018
570649.0,SLG,vs LHH,PitcherId,0.5
570649.0,SLG,vs RHH,PitcherId,0.553
570666.0,AVG,vs LHH,PitcherId,0.27
570666.0,AVG,vs RHH,PitcherId,0.255
570666.0,OBP,vs LHH,PitcherId,0.308
570666.0,OBP,vs RHH,PitcherId,0.28
570666.0,OPS,vs LHH,PitcherId,0.767
570666.0,OPS,vs RHH,PitcherId,0.663
570666.0,SLG,vs LHH,PitcherId,0.459
570666.0,SLG,vs RHH,PitcherId,0.383
570731.0,AVG,vs RHP,HitterId,0.184
570731.0,OBP,vs RHP,HitterId,0.2
570731.0,OPS,vs RHP,HitterId,0.424
570731.0,SLG,vs RHP,HitterId,0.224
571437.0,AVG,vs RHP,HitterId,0.159
571437.0,OBP,vs RHP,HitterId,0.275
571437.0,OPS,vs RHP,HitterId,0.48
571437.0,SLG,vs RHP,HitterId,0.205
571448.0,AVG,vs RHP,HitterId,0.286
571448.0,OBP,vs RHP,HitterId,0.348
571448.0,OPS,vs RHP,HitterId,0.872
571448.0,SLG,vs RHP,HitterId,0.524
571466.0,AVG,vs RHP,HitterId,0.344
571466.0,OBP,vs RHP,HitterId,0.395
571466.0,OPS,vs RHP,HitterId,0.77
571466.0,SLG,vs RHP,HitterId,0.375
571506.0,AVG,vs RHP,HitterId,0.262
571506.0,OBP,vs RHP,HitterId,0.38
571506.0,OPS,vs RHP,HitterId,0.713
571506.0,SLG,vs RHP,HitterId,0.333
571510.0,AVG,vs RHH,PitcherId,0.276
571510.0,OBP,vs RHH,PitcherId,0.276
571510.0,OPS,vs RHH,PitcherId,0.862
571510.0,SLG,vs RHH,PitcherId,0.586
571666.0,AVG,vs LHH,PitcherId,0.25
571666.0,AVG,vs RHH,PitcherId,0.226
571666.0,OBP,vs LHH,PitcherId,0.286
571666.0,OBP,vs RHH,PitcherId,0.273
571666.0,OPS,vs LHH,PitcherId,0.661
571666.0,OPS,vs RHH,PitcherId,0.628
571666.0,SLG,vs LHH,PitcherId,0.375
571666.0,SLG,vs RHH,PitcherId,0.355
571697.0,AVG,vs RHP,HitterId,0.268
571697.0,OBP,vs RHP,HitterId,0.311
571697.0,OPS,vs RHP,HitterId,0.872
571697.0,SLG,vs RHP,HitterId,0.561
571745.0,AVG,vs RHP,HitterId,0.263
571745.0,OBP,vs RHP,HitterId,0.364
571745.0,OPS,vs RHP,HitterId,0.943
571745.0,SLG,vs RHP,HitterId,0.579
571771.0,AVG,vs LHP,HitterId,0.167
571771.0,OBP,vs LHP,HitterId,0.2
571771.0,OPS,vs LHP,HitterId,0.492
571771.0,SLG,vs LHP,HitterId,0.292
571788.0,AVG,vs RHP,HitterId,0.231
571788.0,OBP,vs RHP,HitterId,0.31
571788.0,OPS,vs RHP,HitterId,0.579
571788.0,SLG,vs RHP,HitterId,0.269
571830.0,AVG,vs RHP,HitterId,0.312
571830.0,OBP,vs RHP,HitterId,0.371
571830.0,OPS,vs RHP,HitterId,0.84
571830.0,SLG,vs RHP,HitterId,0.469
571863.0,AVG,vs RHH,PitcherId,0.167
571863.0,OBP,vs RHH,PitcherId,0.222
571863.0,OPS,vs RHH,PitcherId,0.597
571863.0,SLG,vs RHH,PitcherId,0.375
571875.0,AVG,vs RHP,HitterId,0.175
571875.0,OBP,vs RHP,HitterId,0.298
571875.0,OPS,vs RHP,HitterId,0.598
571875.0,SLG,vs RHP,HitterId,0.3
571946.0,AVG,vs LHH,PitcherId,0.27
571946.0,AVG,vs RHH,PitcherId,0.208
571946.0,OBP,vs LHH,PitcherId,0.341
571946.0,OBP,vs RHH,PitcherId,0.259
571946.0,OPS,vs LHH,PitcherId,0.773
571946.0,OPS,vs RHH,PitcherId,0.509
571946.0,SLG,vs LHH,PitcherId,0.432
571946.0,SLG,vs RHH,PitcherId,0.25
571951.0,AVG,vs LHH,PitcherId,0.13
571951.0,AVG,vs RHH,PitcherId,0.263
571951.0,OBP,vs LHH,PitcherId,0.31
571951.0,OBP,vs RHH,PitcherId,0.326
571951.0,OPS,vs LHH,PitcherId,0.484
571951.0,OPS,vs RHH,PitcherId,0.694
571951.0,SLG,vs LHH,PitcherId,0.174
571951.0,SLG,vs RHH,PitcherId,0.368
571976.0,AVG,vs RHP,HitterId,0.312
571976.0,OBP,vs RHP,HitterId,0.365
571976.0,OPS,vs RHP,HitterId,0.99
571976.0,SLG,vs RHP,HitterId,0.625
571980.0,AVG,vs RHP,HitterId,0.294
571980.0,OBP,vs RHP,HitterId,0.415
571980.0,OPS,vs RHP,HitterId,0.709
571980.0,SLG,vs RHP,HitterId,0.294
572008.0,AVG,vs RHP,HitterId,0.196
572008.0,OBP,vs RHP,HitterId,0.208
572008.0,OPS,vs RHP,HitterId,0.581
572008.0,SLG,vs RHP,HitterId,0.373
572020.0,AVG,vs RHH,PitcherId,0.203
572020.0,OBP,vs RHH,PitcherId,0.225
572020.0,OPS,vs RHH,PitcherId,0.544
572020.0,SLG,vs RHH,PitcherId,0.319
572039.0,AVG,vs RHP,HitterId,0.255
572039.0,OBP,vs RHP,HitterId,0.3
572039.0,OPS,vs RHP,HitterId,0.704
572039.0,SLG,vs RHP,HitterId,0.404
572114.0,AVG,vs RHP,HitterId,0.207
572114.0,OBP,vs RHP,HitterId,0.378
572114.0,OPS,vs RHP,HitterId,0.757
572114.0,SLG,vs RHP,HitterId,0.379
572122.0,AVG,vs RHP,HitterId,0.256
572122.0,OBP,vs RHP,HitterId,0.373
572122.0,OPS,vs RHP,HitterId,0.745
572122.0,SLG,vs RHP,HitterId,0.372
572128.0,AVG,vs RHP,HitterId,0.214
572128.0,OBP,vs RHP,HitterId,0.267
572128.0,OPS,vs RHP,HitterId,0.696
572128.0,SLG,vs RHP,HitterId,0.429
572287.0,AVG,vs RHP,HitterId,0.147
572287.0,OBP,vs RHP,HitterId,0.216
572287.0,OPS,vs RHP,HitterId,0.481
572287.0,SLG,vs RHP,HitterId,0.265
572761.0,AVG,vs RHP,HitterId,0.212
572761.0,OBP,vs RHP,HitterId,0.372
572761.0,OPS,vs RHP,HitterId,0.736
572761.0,SLG,vs RHP,HitterId,0.364
572816.0,AVG,vs RHP,HitterId,0.279
572816.0,OBP,vs RHP,HitterId,0.326
572816.0,OPS,vs RHP,HitterId,0.954
572816.0,SLG,vs RHP,HitterId,0.628
572821.0,AVG,vs RHP,HitterId,0.15
572821.0,OBP,vs RHP,HitterId,0.209
572821.0,OPS,vs RHP,HitterId,0.434
572821.0,SLG,vs RHP,HitterId,0.225
573109.0,AVG,vs LHH,PitcherId,0.19
573109.0,OBP,vs LHH,PitcherId,0.32
573109.0,OPS,vs LHH,PitcherId,0.51
573109.0,SLG,vs LHH,PitcherId,0.19
573185.0,AVG,vs RHH,PitcherId,0.306
573185.0,OBP,vs RHH,PitcherId,0.393
573185.0,OPS,vs RHH,PitcherId,1.026
573185.0,SLG,vs RHH,PitcherId,0.633
573186.0,AVG,vs LHH,PitcherId,0.267
573186.0,AVG,vs RHH,PitcherId,0.214
573186.0,OBP,vs LHH,PitcherId,0.333
573186.0,OBP,vs RHH,PitcherId,0.261
573186.0,OPS,vs LHH,PitcherId,0.6
573186.0,OPS,vs RHH,PitcherId,0.547
573186.0,SLG,vs LHH,PitcherId,0.267
573186.0,SLG,vs RHH,PitcherId,0.286
573627.0,AVG,vs RHP,HitterId,0.103
573627.0,OBP,vs RHP,HitterId,0.161
573627.0,OPS,vs RHP,HitterId,0.506
573627.0,SLG,vs RHP,HitterId,0.345
575929.0,AVG,vs RHP,HitterId,0.444
575929.0,OBP,vs RHP,HitterId,0.5
575929.0,OPS,vs RHP,HitterId,1.352
575929.0,SLG,vs RHP,HitterId,0.852
576397.0,AVG,vs RHP,HitterId,0.229
576397.0,OBP,vs RHP,HitterId,0.25
576397.0,OPS,vs RHP,HitterId,0.679
576397.0,SLG,vs RHP,HitterId,0.429
578428.0,AVG,vs RHP,HitterId,0.342
578428.0,OBP,vs RHP,HitterId,0.395
578428.0,OPS,vs RHP,HitterId,0.842
578428.0,SLG,vs RHP,HitterId,0.447
581527.0,AVG,vs RHP,HitterId,0.3
581527.0,OBP,vs RHP,HitterId,0.357
581527.0,OPS,vs RHP,HitterId,0.737
581527.0,SLG,vs RHP,HitterId,0.38
588751.0,AVG,vs RHP,HitterId,0.216
588751.0,OBP,vs RHP,HitterId,0.256
588751.0,OPS,vs RHP,HitterId,0.553
588751.0,SLG,vs RHP,HitterId,0.297
592091.0,AVG,vs RHH,PitcherId,0.238
592091.0,OBP,vs RHH,PitcherId,0.385
592091.0,OPS,vs RHH,PitcherId,0.766
592091.0,SLG,vs RHH,PitcherId,0.381
592178.0,AVG,vs RHP,HitterId,0.224
592178.0,OBP,vs RHP,HitterId,0.321
592178.0,OPS,vs RHP,HitterId,0.668
592178.0,SLG,vs RHP,HitterId,0.347
592200.0,AVG,vs RHP,HitterId,0.304
592200.0,OBP,vs RHP,HitterId,0.36
592200.0,OPS,vs RHP,HitterId,0.751
592200.0,SLG,vs RHP,HitterId,0.391
592273.0,AVG,vs RHP,HitterId,0.298
592273.0,OBP,vs RHP,HitterId,0.365
592273.0,OPS,vs RHP,HitterId,0.812
592273.0,SLG,vs RHP,HitterId,0.447
592332.0,AVG,vs LHH,PitcherId,0.317
592332.0,AVG,vs RHH,PitcherId,0.3
592332.0,OBP,vs LHH,PitcherId,0.333
592332.0,OBP,vs RHH,PitcherId,0.341
592332.0,OPS,vs LHH,PitcherId,0.943
592332.0,OPS,vs RHH,PitcherId,0.766
592332.0,SLG,vs LHH,PitcherId,0.61
592332.0,SLG,vs RHH,PitcherId,0.425
592351.0,AVG,vs LHH,PitcherId,0.226
592351.0,OBP,vs LHH,PitcherId,0.263
592351.0,OPS,vs LHH,PitcherId,0.64
592351.0,SLG,vs LHH,PitcherId,0.377
592387.0,AVG,vs RHP,HitterId,0.305
592387.0,OBP,vs RHP,HitterId,0.317
592387.0,OPS,vs RHP,HitterId,0.91
592387.0,SLG,vs RHP,HitterId,0.593
592518.0,AVG,vs RHP,HitterId,0.157
592518.0,OBP,vs RHP,HitterId,0.196
592518.0,OPS,vs RHP,HitterId,0.49
592518.0,SLG,vs RHP,HitterId,0.294
592626.0,AVG,vs RHP,HitterId,0.261
592626.0,OBP,vs RHP,HitterId,0.469
592626.0,OPS,vs RHP,HitterId,1.121
592626.0,SLG,vs RHP,HitterId,0.652
592662.0,AVG,vs RHH,PitcherId,0.28
592662.0,OBP,vs RHH,PitcherId,0.393
592662.0,OPS,vs RHH,PitcherId,0.993
592662.0,SLG,vs RHH,PitcherId,0.6
592663.0,AVG,vs RHP,HitterId,0.184
592663.0,OBP,vs RHP,HitterId,0.225
592663.0,OPS,vs RHP,HitterId,0.514
592663.0,SLG,vs RHP,HitterId,0.289
592669.0,AVG,vs RHP,HitterId,0.385
592669.0,OBP,vs RHP,HitterId,0.385
592669.0,OPS,vs RHP,HitterId,1.193
592669.0,SLG,vs RHP,HitterId,0.808
592717.0,AVG,vs LHH,PitcherId,0.111
592717.0,AVG,vs RHH,PitcherId,0.233
592717.0,OBP,vs LHH,PitcherId,0.273
592717.0,OBP,vs RHH,PitcherId,0.258
592717.0,OPS,vs LHH,PitcherId,0.384
592717.0,OPS,vs RHH,PitcherId,0.658
592717.0,SLG,vs LHH,PitcherId,0.111
592717.0,SLG,vs RHH,PitcherId,0.4
592731.0,AVG,vs RHP,HitterId,0.31
592731.0,OBP,vs RHP,HitterId,0.323
592731.0,OPS,vs RHP,HitterId,0.771
592731.0,SLG,vs RHP,HitterId,0.448
592743.0,AVG,vs RHP,HitterId,0.227
592743.0,OBP,vs RHP,HitterId,0.306
592743.0,OPS,vs RHP,HitterId,0.579
592743.0,SLG,vs RHP,HitterId,0.273
592767.0,AVG,vs RHH,PitcherId,0.323
592767.0,OBP,vs RHH,PitcherId,0.382
592767.0,OPS,vs RHH,PitcherId,0.93
592767.0,SLG,vs RHH,PitcherId,0.548
592789.0,AVG,vs RHH,PitcherId,0.2
592789.0,OBP,vs RHH,PitcherId,0.231
592789.0,OPS,vs RHH,PitcherId,0.431
592789.0,SLG,vs RHH,PitcherId,0.2
592791.0,AVG,vs LHH,PitcherId,0.276
592791.0,AVG,vs RHH,PitcherId,0.229
592791.0,OBP,vs LHH,PitcherId,0.364
592791.0,OBP,vs RHH,PitcherId,0.229
592791.0,OPS,vs LHH,PitcherId,0.916
592791.0,OPS,vs RHH,PitcherId,0.658
592791.0,SLG,vs LHH,PitcherId,0.552
592791.0,SLG,vs RHH,PitcherId,0.429
592836.0,AVG,vs LHH,PitcherId,0.222
592836.0,AVG,vs RHH,PitcherId,0.278
592836.0,OBP,vs LHH,PitcherId,0.353
592836.0,OBP,vs RHH,PitcherId,0.366
592836.0,OPS,vs LHH,PitcherId,0.723
592836.0,OPS,vs RHH,PitcherId,0.894
592836.0,SLG,vs LHH,PitcherId,0.37
592836.0,SLG,vs RHH,PitcherId,0.528
592866.0,AVG,vs RHH,PitcherId,0.28
592866.0,OBP,vs RHH,PitcherId,0.333
592866.0,OPS,vs RHH,PitcherId,0.813
592866.0,SLG,vs RHH,PitcherId,0.48
592885.0,AVG,vs RHP,HitterId,0.233
592885.0,OBP,vs RHP,HitterId,0.358
592885.0,OPS,vs RHP,HitterId,0.823
592885.0,SLG,vs RHP,HitterId,0.465
593160.0,AVG,vs RHP,HitterId,0.271
593160.0,OBP,vs RHP,HitterId,0.3
593160.0,OPS,vs RHP,HitterId,0.675
593160.0,SLG,vs RHP,HitterId,0.375
593372.0,AVG,vs LHH,PitcherId,0.22
593372.0,AVG,vs RHH,PitcherId,0.25
593372.0,OBP,vs LHH,PitcherId,0.289
593372.0,OBP,vs RHH,PitcherId,0.344
593372.0,OPS,vs LHH,PitcherId,0.557
593372.0,OPS,vs RHH,PitcherId,0.737
593372.0,SLG,vs LHH,PitcherId,0.268
593372.0,SLG,vs RHH,PitcherId,0.393
593417.0,AVG,vs LHH,PitcherId,0.333
593417.0,AVG,vs RHH,PitcherId,0.3
593417.0,OBP,vs LHH,PitcherId,0.375
593417.0,OBP,vs RHH,PitcherId,0.3
593417.0,OPS,vs LHH,PitcherId,1.075
593417.0,OPS,vs RHH,PitcherId,1.033
593417.0,SLG,vs LHH,PitcherId,0.7
593417.0,SLG,vs RHH,PitcherId,0.733
593428.0,AVG,vs RHP,HitterId,0.283
593428.0,OBP,vs RHP,HitterId,0.345
593428.0,OPS,vs RHP,HitterId,0.817
593428.0,SLG,vs RHP,HitterId,0.472
593679.0,AVG,vs LHH,PitcherId,0.375
593679.0,AVG,vs RHH,PitcherId,0.217
593679.0,OBP,vs LHH,PitcherId,0.394
593679.0,OBP,vs RHH,PitcherId,0.269
593679.0,OPS,vs LHH,PitcherId,0.769
593679.0,OPS,vs RHH,PitcherId,0.486
593679.0,SLG,vs LHH,PitcherId,0.375
593679.0,SLG,vs RHH,PitcherId,0.217
593871.0,AVG,vs LHP,HitterId,0.13
593871.0,AVG,vs RHP,HitterId,0.297
593871.0,OBP,vs LHP,HitterId,0.192
593871.0,OBP,vs RHP,HitterId,0.35
593871.0,OPS,vs LHP,HitterId,0.453
593871.0,OPS,vs RHP,HitterId,0.809
593871.0,SLG,vs LHP,HitterId,0.261
593871.0,SLG,vs RHP,HitterId,0.459
593934.0,AVG,vs RHP,HitterId,0.208
593934.0,OBP,vs RHP,HitterId,0.24
593934.0,OPS,vs RHP,HitterId,0.532
593934.0,SLG,vs RHP,HitterId,0.292
593958.0,AVG,vs RHH,PitcherId,0.263
593958.0,OBP,vs RHH,PitcherId,0.333
593958.0,OPS,vs RHH,PitcherId,0.737
593958.0,SLG,vs RHH,PitcherId,0.404
594742.0,AVG,vs LHH,PitcherId,0.243
594742.0,AVG,vs RHH,PitcherId,0.28
594742.0,OBP,vs LHH,PitcherId,0.256
594742.0,OBP,vs RHH,PitcherId,0.308
594742.0,OPS,vs LHH,PitcherId,0.607
594742.0,OPS,vs RHH,PitcherId,0.588
594742.0,SLG,vs LHH,PitcherId,0.351
594742.0,SLG,vs RHH,PitcherId,0.28
594760.0,AVG,vs LHH,PitcherId,0.286
594760.0,AVG,vs RHH,PitcherId,0.216
594760.0,OBP,vs LHH,PitcherId,0.444
594760.0,OBP,vs RHH,PitcherId,0.205
594760.0,OPS,vs LHH,PitcherId,0.92
594760.0,OPS,vs RHH,PitcherId,0.664
594760.0,SLG,vs LHH,PitcherId,0.476
594760.0,SLG,vs RHH,PitcherId,0.459
594777.0,AVG,vs RHP,HitterId,0.333
594777.0,OBP,vs RHP,HitterId,0.385
594777.0,OPS,vs RHP,HitterId,0.941
594777.0,SLG,vs RHP,HitterId,0.556
594807.0,AVG,vs RHP,HitterId,0.212
594807.0,OBP,vs RHP,HitterId,0.268
594807.0,OPS,vs RHP,HitterId,0.672
594807.0,SLG,vs RHP,HitterId,0.404
594809.0,AVG,vs RHP,HitterId,0.268
594809.0,OBP,vs RHP,HitterId,0.286
594809.0,OPS,vs RHP,HitterId,0.701
594809.0,SLG,vs RHP,HitterId,0.415
594828.0,AVG,vs RHP,HitterId,0.308
594828.0,OBP,vs RHP,HitterId,0.378
594828.0,OPS,vs RHP,HitterId,1.147
594828.0,SLG,vs RHP,HitterId,0.769
594988.0,AVG,vs RHP,HitterId,0.385
594988.0,OBP,vs RHP,HitterId,0.415
594988.0,OPS,vs RHP,HitterId,1.03
594988.0,SLG,vs RHP,HitterId,0.615
595001.0,AVG,vs LHH,PitcherId,0.273
595001.0,AVG,vs RHH,PitcherId,0.148
595001.0,OBP,vs LHH,PitcherId,0.385
595001.0,OBP,vs RHH,PitcherId,0.179
595001.0,OPS,vs LHH,PitcherId,0.885
595001.0,OPS,vs RHH,PitcherId,0.475
595001.0,SLG,vs LHH,PitcherId,0.5
595001.0,SLG,vs RHH,PitcherId,0.296
595032.0,AVG,vs LHH,PitcherId,0.133
595032.0,OBP,vs LHH,PitcherId,0.188
595032.0,OPS,vs LHH,PitcherId,0.321
595032.0,SLG,vs LHH,PitcherId,0.133
595191.0,AVG,vs LHH,PitcherId,0.256
595191.0,AVG,vs RHH,PitcherId,0.116
595191.0,OBP,vs LHH,PitcherId,0.289
595191.0,OBP,vs RHH,PitcherId,0.116
595191.0,OPS,vs LHH,PitcherId,0.87
595191.0,OPS,vs RHH,PitcherId,0.535
595191.0,SLG,vs LHH,PitcherId,0.581
595191.0,SLG,vs RHH,PitcherId,0.419
595281.0,AVG,vs RHP,HitterId,0.184
595281.0,OBP,vs RHP,HitterId,0.279
595281.0,OPS,vs RHP,HitterId,0.49
595281.0,SLG,vs RHP,HitterId,0.211
595879.0,AVG,vs RHP,HitterId,0.235
595879.0,OBP,vs RHP,HitterId,0.325
595879.0,OPS,vs RHP,HitterId,0.678
595879.0,SLG,vs RHP,HitterId,0.353
595918.0,AVG,vs RHH,PitcherId,0.304
595918.0,OBP,vs RHH,PitcherId,0.346
595918.0,OPS,vs RHH,PitcherId,0.868
595918.0,SLG,vs RHH,PitcherId,0.522
596019.0,AVG,vs RHP,HitterId,0.107
596019.0,OBP,vs RHP,HitterId,0.282
596019.0,OPS,vs RHP,HitterId,0.461
596019.0,SLG,vs RHP,HitterId,0.179
596043.0,AVG,vs LHH,PitcherId,0.292
596043.0,AVG,vs RHH,PitcherId,0.282
596043.0,OBP,vs LHH,PitcherId,0.346
596043.0,OBP,vs RHH,PitcherId,0.3
596043.0,OPS,vs LHH,PitcherId,0.888
596043.0,OPS,vs RHH,PitcherId,0.838
596043.0,SLG,vs LHH,PitcherId,0.542
596043.0,SLG,vs RHH,PitcherId,0.538
596057.0,AVG,vs RHH,PitcherId,0.32
596057.0,OBP,vs RHH,PitcherId,0.357
596057.0,OPS,vs RHH,PitcherId,0.817
596057.0,SLG,vs RHH,PitcherId,0.46
596059.0,AVG,vs RHP,HitterId,0.171
596059.0,OBP,vs RHP,HitterId,0.209
596059.0,OPS,vs RHP,HitterId,0.55
596059.0,SLG,vs RHP,HitterId,0.341
596112.0,AVG,vs LHH,PitcherId,0.406
596112.0,AVG,vs RHH,PitcherId,0.216
596112.0,OBP,vs LHH,PitcherId,0.513
596112.0,OBP,vs RHH,PitcherId,0.356
596112.0,OPS,vs LHH,PitcherId,1.263
596112.0,OPS,vs RHH,PitcherId,0.68
596112.0,SLG,vs LHH,PitcherId,0.75
596112.0,SLG,vs RHH,PitcherId,0.324
596142.0,AVG,vs LHP,HitterId,0.292
596142.0,AVG,vs RHP,HitterId,0.216
596142.0,OBP,vs LHP,HitterId,0.414
596142.0,OBP,vs RHP,HitterId,0.268
596142.0,OPS,vs LHP,HitterId,1.289
596142.0,OPS,vs RHP,HitterId,0.673
596142.0,SLG,vs LHP,HitterId,0.875
596142.0,SLG,vs RHP,HitterId,0.405
596143.0,AVG,vs RHP,HitterId,0.182
596143.0,OBP,vs RHP,HitterId,0.229
596143.0,OPS,vs RHP,HitterId,0.502
596143.0,SLG,vs RHP,HitterId,0.273
596144.0,AVG,vs RHP,HitterId,0.243
596144.0,OBP,vs RHP,HitterId,0.349
596144.0,OPS,vs RHP,HitterId,0.781
596144.0,SLG,vs RHP,HitterId,0.432
596146.0,AVG,vs RHP,HitterId,0.182
596146.0,OBP,vs RHP,HitterId,0.25
596146.0,OPS,vs RHP,HitterId,0.523
596146.0,SLG,vs RHP,HitterId,0.273
596451.0,AVG,vs RHP,HitterId,0.2
596451.0,OBP,vs RHP,HitterId,0.286
596451.0,OPS,vs RHP,HitterId,0.515
596451.0,SLG,vs RHP,HitterId,0.229
596748.0,AVG,vs RHP,HitterId,0.327
596748.0,OBP,vs RHP,HitterId,0.386
596748.0,OPS,vs RHP,HitterId,0.848
596748.0,SLG,vs RHP,HitterId,0.462
598265.0,AVG,vs RHP,HitterId,0.194
598265.0,OBP,vs RHP,HitterId,0.375
598265.0,OPS,vs RHP,HitterId,0.73
598265.0,SLG,vs RHP,HitterId,0.355
605137.0,AVG,vs RHP,HitterId,0.256
605137.0,OBP,vs RHP,HitterId,0.319
605137.0,OPS,vs RHP,HitterId,0.714
605137.0,SLG,vs RHP,HitterId,0.395
605141.0,AVG,vs RHP,HitterId,0.415
605141.0,OBP,vs RHP,HitterId,0.492
605141.0,OPS,vs RHP,HitterId,1.001
605141.0,SLG,vs RHP,HitterId,0.509
605151.0,AVG,vs LHH,PitcherId,0.347
605151.0,AVG,vs RHH,PitcherId,0.189
605151.0,OBP,vs LHH,PitcherId,0.448
605151.0,OBP,vs RHH,PitcherId,0.205
605151.0,OPS,vs LHH,PitcherId,0.979
605151.0,OPS,vs RHH,PitcherId,0.448
605151.0,SLG,vs LHH,PitcherId,0.531
605151.0,SLG,vs RHH,PitcherId,0.243
605164.0,AVG,vs RHH,PitcherId,0.2
605164.0,OBP,vs RHH,PitcherId,0.286
605164.0,OPS,vs RHH,PitcherId,0.646
605164.0,SLG,vs RHH,PitcherId,0.36
605182.0,AVG,vs RHH,PitcherId,0.385
605182.0,OBP,vs RHH,PitcherId,0.484
605182.0,OPS,vs RHH,PitcherId,1.33
605182.0,SLG,vs RHH,PitcherId,0.846
605194.0,AVG,vs LHH,PitcherId,0.2
605194.0,AVG,vs RHH,PitcherId,0.152
605194.0,OBP,vs LHH,PitcherId,0.226
605194.0,OBP,vs RHH,PitcherId,0.152
605194.0,OPS,vs LHH,PitcherId,0.559
605194.0,OPS,vs RHH,PitcherId,0.516
605194.0,SLG,vs LHH,PitcherId,0.333
605194.0,SLG,vs RHH,PitcherId,0.364
605200.0,AVG,vs RHH,PitcherId,0.375
605200.0,OBP,vs RHH,PitcherId,0.407
605200.0,OPS,vs RHH,PitcherId,0.99
605200.0,SLG,vs RHH,PitcherId,0.583
605232.0,AVG,vs RHH,PitcherId,0.276
605232.0,OBP,vs RHH,PitcherId,0.333
605232.0,OPS,vs RHH,PitcherId,0.678
605232.0,SLG,vs RHH,PitcherId,0.345
605242.0,AVG,vs LHH,PitcherId,0.293
605242.0,AVG,vs RHH,PitcherId,0.391
605242.0,OBP,vs LHH,PitcherId,0.37
605242.0,OBP,vs RHH,PitcherId,0.4
605242.0,OPS,vs LHH,PitcherId,0.711
605242.0,OPS,vs RHH,PitcherId,0.965
605242.0,SLG,vs LHH,PitcherId,0.341
605242.0,SLG,vs RHH,PitcherId,0.565
605388.0,AVG,vs RHH,PitcherId,0.378
605388.0,OBP,vs RHH,PitcherId,0.4
605388.0,OPS,vs RHH,PitcherId,0.978
605388.0,SLG,vs RHH,PitcherId,0.578
605397.0,AVG,vs RHH,PitcherId,0.185
605397.0,OBP,vs RHH,PitcherId,0.214
605397.0,OPS,vs RHH,PitcherId,0.51
605397.0,SLG,vs RHH,PitcherId,0.296
605412.0,AVG,vs RHP,HitterId,0.162
605412.0,OBP,vs RHP,HitterId,0.22
605412.0,OPS,vs RHP,HitterId,0.49
605412.0,SLG,vs RHP,HitterId,0.27
605452.0,AVG,vs RHH,PitcherId,0.292
605452.0,OBP,vs RHH,PitcherId,0.393
605452.0,OPS,vs RHH,PitcherId,0.685
605452.0,SLG,vs RHH,PitcherId,0.292
605483.0,AVG,vs RHH,PitcherId,0.216
605483.0,OBP,vs RHH,PitcherId,0.326
605483.0,OPS,vs RHH,PitcherId,0.623
605483.0,SLG,vs RHH,PitcherId,0.297
605538.0,AVG,vs RHH,PitcherId,0.333
605538.0,OBP,vs RHH,PitcherId,0.348
605538.0,OPS,vs RHH,PitcherId,0.992
605538.0,SLG,vs RHH,PitcherId,0.644
606115.0,AVG,vs RHP,HitterId,0.229
606115.0,OBP,vs RHP,HitterId,0.245
606115.0,OPS,vs RHP,HitterId,0.641
606115.0,SLG,vs RHP,HitterId,0.396
606131.0,AVG,vs RHH,PitcherId,0.2
606131.0,OBP,vs RHH,PitcherId,0.2
606131.0,OPS,vs RHH,PitcherId,0.64
606131.0,SLG,vs RHH,PitcherId,0.44
606299.0,AVG,vs RHP,HitterId,0.339
606299.0,OBP,vs RHP,HitterId,0.367
606299.0,OPS,vs RHP,HitterId,0.778
606299.0,SLG,vs RHP,HitterId,0.411
606466.0,AVG,vs RHP,HitterId,0.135
606466.0,OBP,vs RHP,HitterId,0.154
606466.0,OPS,vs RHP,HitterId,0.289
606466.0,SLG,vs RHP,HitterId,0.135
607054.0,AVG,vs RHP,HitterId,0.156
607054.0,OBP,vs RHP,HitterId,0.229
607054.0,OPS,vs RHP,HitterId,0.385
607054.0,SLG,vs RHP,HitterId,0.156
607074.0,AVG,vs RHH,PitcherId,0.185
607074.0,OBP,vs RHH,PitcherId,0.27
607074.0,OPS,vs RHH,PitcherId,0.64
607074.0,SLG,vs RHH,PitcherId,0.37
607192.0,AVG,vs LHH,PitcherId,0.3
607192.0,AVG,vs RHH,PitcherId,0.167
607192.0,OBP,vs LHH,PitcherId,0.44
607192.0,OBP,vs RHH,PitcherId,0.259
607192.0,OPS,vs LHH,PitcherId,0.84
607192.0,OPS,vs RHH,PitcherId,0.592
607192.0,SLG,vs LHH,PitcherId,0.4
607192.0,SLG,vs RHH,PitcherId,0.333
607208.0,AVG,vs RHP,HitterId,0.38
607208.0,OBP,vs RHP,HitterId,0.436
607208.0,OPS,vs RHP,HitterId,1.176
607208.0,SLG,vs RHP,HitterId,0.74
607229.0,AVG,vs LHH,PitcherId,0.184
607229.0,AVG,vs RHH,PitcherId,0.276
607229.0,OBP,vs LHH,PitcherId,0.244
607229.0,OBP,vs RHH,PitcherId,0.303
607229.0,OPS,vs LHH,PitcherId,0.455
607229.0,OPS,vs RHH,PitcherId,0.613
607229.0,SLG,vs LHH,PitcherId,0.211
607229.0,SLG,vs RHH,PitcherId,0.31
607625.0,AVG,vs LHH,PitcherId,0.161
607625.0,AVG,vs RHH,PitcherId,0.333
607625.0,OBP,vs LHH,PitcherId,0.308
607625.0,OBP,vs RHH,PitcherId,0.357
607625.0,OPS,vs LHH,PitcherId,0.727
607625.0,OPS,vs RHH,PitcherId,0.982
607625.0,SLG,vs LHH,PitcherId,0.419
607625.0,SLG,vs RHH,PitcherId,0.625
607680.0,AVG,vs RHP,HitterId,0.289
607680.0,OBP,vs RHP,HitterId,0.34
607680.0,OPS,vs RHP,HitterId,0.673
607680.0,SLG,vs RHP,HitterId,0.333
608061.0,AVG,vs RHP,HitterId,0.415
608061.0,OBP,vs RHP,HitterId,0.435
608061.0,OPS,vs RHP,HitterId,1.094
608061.0,SLG,vs RHP,HitterId,0.659
608070.0,AVG,vs RHP,HitterId,0.275
608070.0,OBP,vs RHP,HitterId,0.311
608070.0,OPS,vs RHP,HitterId,0.761
608070.0,SLG,vs RHP,HitterId,0.45
608365.0,AVG,vs RHP,HitterId,0.171
608365.0,OBP,vs RHP,HitterId,0.244
608365.0,OPS,vs RHP,HitterId,0.537
608365.0,SLG,vs RHP,HitterId,0.293
608369.0,AVG,vs LHP,HitterId,0.226
608369.0,AVG,vs RHP,HitterId,0.235
608369.0,OBP,vs LHP,HitterId,0.25
608369.0,OBP,vs RHP,HitterId,0.316
608369.0,OPS,vs LHP,HitterId,0.54
608369.0,OPS,vs RHP,HitterId,0.728
608369.0,SLG,vs LHP,HitterId,0.29
608369.0,SLG,vs RHP,HitterId,0.412
608566.0,AVG,vs LHH,PitcherId,0.371
608566.0,AVG,vs RHH,PitcherId,0.314
608566.0,OBP,vs LHH,PitcherId,0.385
608566.0,OBP,vs RHH,PitcherId,0.368
608566.0,OPS,vs LHH,PitcherId,0.985
608566.0,OPS,vs RHH,PitcherId,0.968
608566.0,SLG,vs LHH,PitcherId,0.6
608566.0,SLG,vs RHH,PitcherId,0.6
608577.0,AVG,vs RHP,HitterId,0.229
608577.0,OBP,vs RHP,HitterId,0.289
608577.0,OPS,vs RHP,HitterId,0.689
608577.0,SLG,vs RHP,HitterId,0.4
608648.0,AVG,vs LHH,PitcherId,0.192
608648.0,OBP,vs LHH,PitcherId,0.214
608648.0,OPS,vs LHH,PitcherId,0.483
608648.0,SLG,vs LHH,PitcherId,0.269
608665.0,AVG,vs LHH,PitcherId,0.25
608665.0,AVG,vs RHH,PitcherId,0.276
608665.0,OBP,vs LHH,PitcherId,0.25
608665.0,OBP,vs RHH,PitcherId,0.333
608665.0,OPS,vs LHH,PitcherId,0.525
608665.0,OPS,vs RHH,PitcherId,0.781
608665.0,SLG,vs LHH,PitcherId,0.275
608665.0,SLG,vs RHH,PitcherId,0.448
608671.0,AVG,vs RHP,HitterId,0.276
608671.0,OBP,vs RHP,HitterId,0.344
608671.0,OPS,vs RHP,HitterId,0.689
608671.0,SLG,vs RHP,HitterId,0.345
611177.0,AVG,vs RHP,HitterId,0.273
611177.0,OBP,vs RHP,HitterId,0.273
611177.0,OPS,vs RHP,HitterId,0.591
611177.0,SLG,vs RHP,HitterId,0.318
612672.0,AVG,vs RHH,PitcherId,0.238
612672.0,OBP,vs RHH,PitcherId,0.25
612672.0,OPS,vs RHH,PitcherId,0.655
612672.0,SLG,vs RHH,PitcherId,0.405
621020.0,AVG,vs RHP,HitterId,0.316
621020.0,OBP,vs RHP,HitterId,0.386
621020.0,OPS,vs RHP,HitterId,0.86
621020.0,SLG,vs RHP,HitterId,0.474
621043.0,AVG,vs RHP,HitterId,0.349
621043.0,OBP,vs RHP,HitterId,0.404
621043.0,OPS,vs RHP,HitterId,0.846
621043.0,SLG,vs RHP,HitterId,0.442
621052.0,AVG,vs LHH,PitcherId,0.25
621052.0,AVG,vs RHH,PitcherId,0.242
621052.0,OBP,vs LHH,PitcherId,0.308
621052.0,OBP,vs RHH,PitcherId,0.324
621052.0,OPS,vs LHH,PitcherId,0.697
621052.0,OPS,vs RHH,PitcherId,0.597
621052.0,SLG,vs LHH,PitcherId,0.389
621052.0,SLG,vs RHH,PitcherId,0.273
621244.0,AVG,vs LHH,PitcherId,0.214
621244.0,AVG,vs RHH,PitcherId,0.261
621244.0,OBP,vs LHH,PitcherId,0.353
621244.0,OBP,vs RHH,PitcherId,0.346
621244.0,OPS,vs LHH,PitcherId,0.782
621244.0,OPS,vs RHH,PitcherId,0.65
621244.0,SLG,vs LHH,PitcherId,0.429
621244.0,SLG,vs RHH,PitcherId,0.304
621311.0,AVG,vs RHP,HitterId,0.368
621311.0,OBP,vs RHP,HitterId,0.4
621311.0,OPS,vs RHP,HitterId,0.979
621311.0,SLG,vs RHP,HitterId,0.579
621389.0,AVG,vs RHH,PitcherId,0.2
621389.0,OBP,vs RHH,PitcherId,0.286
621389.0,OPS,vs RHH,PitcherId,0.646
621389.0,SLG,vs RHH,PitcherId,0.36
621439.0,AVG,vs RHP,HitterId,0.216
621439.0,OBP,vs RHP,HitterId,0.275
621439.0,OPS,vs RHP,HitterId,0.761
621439.0,SLG,vs RHP,HitterId,0.486
621563.0,AVG,vs RHP,HitterId,0.231
621563.0,OBP,vs RHP,HitterId,0.255
621563.0,OPS,vs RHP,HitterId,0.563
621563.0,SLG,vs RHP,HitterId,0.308
622194.0,AVG,vs RHP,HitterId,0.294
622194.0,OBP,vs RHP,HitterId,0.351
622194.0,OPS,vs RHP,HitterId,0.851
622194.0,SLG,vs RHP,HitterId,0.5
622663.0,AVG,vs RHH,PitcherId,0.24
622663.0,OBP,vs RHH,PitcherId,0.321
622663.0,OPS,vs RHH,PitcherId,0.801
622663.0,SLG,vs RHH,PitcherId,0.48
624424.0,AVG,vs RHP,HitterId,0.304
624424.0,OBP,vs RHP,HitterId,0.385
624424.0,OPS,vs RHP,HitterId,0.907
624424.0,SLG,vs RHP,HitterId,0.522
624428.0,AVG,vs RHP,HitterId,0.206
624428.0,OBP,vs RHP,HitterId,0.341
624428.0,OPS,vs RHP,HitterId,0.576
624428.0,SLG,vs RHP,HitterId,0.235
624577.0,AVG,vs LHP,HitterId,0.276
624577.0,OBP,vs LHP,HitterId,0.29
624577.0,OPS,vs LHP,HitterId,0.773
624577.0,SLG,vs LHP,HitterId,0.483
625643.0,AVG,vs RHH,PitcherId,0.296
625643.0,OBP,vs RHH,PitcherId,0.333
625643.0,OPS,vs RHH,PitcherId,0.74
625643.0,SLG,vs RHH,PitcherId,0.407
628317.0,AVG,vs LHH,PitcherId,0.343
628317.0,AVG,vs RHH,PitcherId,0.188
628317.0,OBP,vs LHH,PitcherId,0.425
628317.0,OBP,vs RHH,PitcherId,0.278
628317.0,OPS,vs LHH,PitcherId,0.996
628317.0,OPS,vs RHH,PitcherId,0.559
628317.0,SLG,vs LHH,PitcherId,0.571
628317.0,SLG,vs RHH,PitcherId,0.281
628356.0,AVG,vs RHP,HitterId,0.213
628356.0,OBP,vs RHP,HitterId,0.373
628356.0,OPS,vs RHP,HitterId,0.862
628356.0,SLG,vs RHP,HitterId,0.489
630111.0,AVG,vs RHP,HitterId,0.25
630111.0,OBP,vs RHP,HitterId,0.267
630111.0,OPS,vs RHP,HitterId,0.676
630111.0,SLG,vs RHP,HitterId,0.409
640455.0,AVG,vs RHH,PitcherId,0.167
640455.0,OBP,vs RHH,PitcherId,0.224
640455.0,OPS,vs RHH,PitcherId,0.465
640455.0,SLG,vs RHH,PitcherId,0.241
640463.0,AVG,vs LHH,PitcherId,0.323
640463.0,AVG,vs RHH,PitcherId,0.233
640463.0,OBP,vs LHH,PitcherId,0.4
640463.0,OBP,vs RHH,PitcherId,0.303
640463.0,OPS,vs LHH,PitcherId,0.948
640463.0,OPS,vs RHH,PitcherId,0.703
640463.0,SLG,vs LHH,PitcherId,0.548
640463.0,SLG,vs RHH,PitcherId,0.4
641313.0,AVG,vs RHP,HitterId,0.294
641313.0,OBP,vs RHP,HitterId,0.321
641313.0,OPS,vs RHP,HitterId,0.929
641313.0,SLG,vs RHP,HitterId,0.608
641771.0,AVG,vs LHH,PitcherId,0.37
641771.0,AVG,vs RHH,PitcherId,0.273
641771.0,OBP,vs LHH,PitcherId,0.387
641771.0,OBP,vs RHH,PitcherId,0.31
641771.0,OPS,vs LHH,PitcherId,0.868
641771.0,OPS,vs RHH,PitcherId,0.692
641771.0,SLG,vs LHH,PitcherId,0.481
641771.0,SLG,vs RHH,PitcherId,0.382
642229.0,AVG,vs RHH,PitcherId,0.322
642229.0,OBP,vs RHH,PitcherId,0.388
642229.0,OPS,vs RHH,PitcherId,0.829
642229.0,SLG,vs RHH,PitcherId,0.441
643217.0,AVG,vs RHP,HitterId,0.308
643217.0,OBP,vs RHP,HitterId,0.4
643217.0,OPS,vs RHP,HitterId,1.015
643217.0,SLG,vs RHP,HitterId,0.615
643230.0,AVG,vs RHH,PitcherId,0.37
643230.0,OBP,vs RHH,PitcherId,0.414
643230.0,OPS,vs RHH,PitcherId,1.081
643230.0,SLG,vs RHH,PitcherId,0.667
643393.0,AVG,vs RHP,HitterId,0.192
643393.0,OBP,vs RHP,HitterId,0.25
643393.0,OPS,vs RHP,HitterId,0.673
643393.0,SLG,vs RHP,HitterId,0.423
649557.0,AVG,vs RHP,HitterId,0.235
649557.0,OBP,vs RHP,HitterId,0.333
649557.0,OPS,vs RHP,HitterId,0.833
649557.0,SLG,vs RHP,HitterId,0.5
664641.0,AVG,vs RHH,PitcherId,0.167
664641.0,OBP,vs RHH,PitcherId,0.2
664641.0,OPS,vs RHH,PitcherId,0.7
664641.0,SLG,vs RHH,PitcherId,0.5
